Year,Month,Decimal_year,Temp,VPD,PPFD,PPFD_max,SWP,GPP
1960,1,1960,-9.53134431783104,0.232091865400822,14.5127118060163,189.920163405302,0.0426830275828436,
1960,2,1960.0821192053,-9.43245657763665,0.397551198370354,59.933868558442,438.041960074592,0.0313906590081528,
1960,3,1960.1642384106,-4.21056442162513,1.46015448700051,182.05259437773,770.218043663594,0.0271634330651513,
1960,4,1960.24635761589,1.93696747386656,2.50894882324184,298.457703735525,1284.24085947901,0.0277105380201162,
1960,5,1960.32847682119,10.5231566561066,6.3851604529947,446.543634330915,1664.8448597602,0.021351918793519,
1960,6,1960.41059602649,15.6644572721344,7.40730616740732,432.30264533234,1739.38448023422,0.0361461527821107,
1960,7,1960.49271523179,17.7470049910588,6.10276988976329,403.204456254915,1741.90771369119,0.0673264948665938,
1960,8,1960.57483443709,15.3494896757914,4.75520181428046,320.170067141828,1511.88026457871,0.107635010556306,
1960,9,1960.65695364238,10.0579040247176,2.32346003631357,207.918541815103,1035.25098141721,0.0920497382846584,
1960,10,1960.73907284768,1.81687580859022,0.935424157911983,59.6091103539649,601.754788119901,0.0492848877348907,
1960,11,1960.82119205298,-2.00177062444351,0.206886204009351,17.4484255154289,284.837147360009,0.0286549101037893,
1960,12,1960.90331125828,-1.85496335748836,0.193462697897551,5.16333826275428,81.0656787794913,0.0282650676714463,
1961,1,1960.98543046358,-4.29505866722929,0.233101859334828,13.7078266716036,118.883146044191,0.0426830275828436,
1961,2,1961.06754966887,-0.551271606637041,0.547324654483226,54.9476809939866,300.060048616259,0.0313906590081528,
1961,3,1961.14966887417,-0.333849858768005,1.68722262565519,175.102112621714,819.176738108039,0.0271634330651513,
1961,4,1961.23178807947,1.92801056468688,2.82899364685978,340.286789207252,1277.53923447901,0.0277105380201162,
1961,5,1961.31390728477,9.27734379908373,4.56110043994031,330.216148355773,1665.09658198242,0.021351918793519,
1961,6,1961.39602649007,16.3730018549253,7.26394285349577,464.071745292155,1725.87581356755,0.0361461527821107,
1961,7,1961.47814569536,15.995658238851,5.12318796273987,397.166856348152,1759.57778313563,0.0673264948665938,
1961,8,1961.56026490066,13.9950399831986,3.8650195240757,284.299532647272,1455.40536180093,0.107635010556306,
1961,9,1961.64238410596,9.55507334980437,2.49815742621896,204.261328904698,1109.58698141721,0.0920497382846584,
1961,10,1961.72450331126,8.05136410099733,1.22602612823622,70.1968787815945,610.671760342123,0.0492848877348907,
1961,11,1961.80662251656,1.44115099285252,0.594826235839215,20.4542434196452,172.827107429453,0.0286549101037893,
1961,12,1961.88874172185,-5.83354532950793,0.319907816893676,9.02232290369041,47.8149062100469,0.0282650676714463,
1962,1,1961.97086092715,-4.67640222165425,0.332809206221168,14.5890865330518,135.955774516414,0.0426830275828436,
1962,2,1962.05298013245,-5.46564956847694,0.415717137205996,57.6562176147434,396.47361285237,0.0313906590081528,
1962,3,1962.13509933775,-8.6844004385362,1.12932902590476,191.390423529457,836.08684921915,0.0271634330651513,
1962,4,1962.21721854305,4.05301047991578,2.70534780567524,260.277919000583,1257.77265114568,0.0277105380201162,
1962,5,1962.29933774834,7.99078263299723,4.4564153091087,347.35235084973,1611.79599864909,0.021351918793519,
1962,6,1962.38145695364,11.5429269512251,5.56456944051678,460.990191156383,1763.34568856755,0.0361461527821107,
1962,7,1962.46357615894,13.9209709373793,4.68731266376998,363.251513488236,1680.33224146897,0.0673264948665938,
1962,8,1962.54569536424,12.4948152852241,3.55648662041665,284.329960928547,1440.10876457871,0.107635010556306,
1962,9,1962.62781456954,9.30867052455481,1.93807552012183,165.943076611576,1022.87570363943,0.0920497382846584,
1962,10,1962.70993377483,6.05271479095703,1.26493964810267,85.3048480073743,494.219565897679,0.0492848877348907,
1962,11,1962.79205298013,0.552295588528523,0.400576871617621,16.6185121987846,71.6343747905644,0.0286549101037893,
1962,12,1962.87417218543,-7.84914764641551,0.239829048049524,9.36030761182412,66.8300364183802,0.0282650676714463,
1963,1,1962.95629139073,-10.0709333075811,0.254113647881098,17.5744477589297,84.0683335441913,0.0426830275828436,
1963,2,1963.03841059603,-11.3323849814377,0.312602862950016,63.8136929242448,384.92186285237,0.0313906590081528,
1963,3,1963.12052980132,-9.25668247083633,1.15257491869278,202.625250630981,818.643904774706,0.0271634330651513,
1963,4,1963.20264900662,2.65926921133401,2.3598176475051,258.727046081832,1286.21598447901,0.0277105380201162,
1963,5,1963.28476821192,12.2103190759078,6.1310253140705,438.006417324387,1654.75840142686,0.021351918793519,
1963,6,1963.36688741722,13.2347412042904,6.5755528887879,464.067304107002,1786.8240566231,0.0361461527821107,
1963,7,1963.44900662252,15.8723003634782,6.79829443403031,459.450211172127,1808.83356091341,0.0673264948665938,
1963,8,1963.53112582781,15.7991067950371,5.05998210776708,315.236433040938,1560.77938263427,0.107635010556306,
1963,9,1963.61324503311,12.1836121596867,2.84934096686195,203.53333828747,1087.65328697276,0.0920497382846584,
1963,10,1963.69536423841,5.14124952553935,0.928628764191773,64.9652816955949,409.068894022679,0.0492848877348907,
1963,11,1963.77748344371,-0.641154152411139,0.357237104419086,15.6327304189915,35.9502341655644,0.0286549101037893,
1963,12,1963.85960264901,-4.76562240919892,0.305766253647221,8.85789521355758,77.485345446158,0.0282650676714463,
1964,1,1963.9417218543,-3.42455937421985,0.481986051203834,17.3583733422319,86.6595071553024,0.0426830275828436,
1964,2,1964.0238410596,-9.15682902485876,0.398697391715597,48.2556908736478,284.089024310703,0.0313906590081528,
1964,3,1964.1059602649,-5.08135002202066,1.54007555305284,212.517173800692,821.670640885817,0.0271634330651513,
1964,4,1964.1880794702,2.87201776005362,2.34835300663523,255.794928102588,1194.32890809012,0.0277105380201162,
1964,5,1964.2701986755,8.84154638461171,4.71006038578397,390.618793527486,1602.1123597602,0.021351918793519,
1964,6,1964.3523178808,12.9732520990658,6.03625108747481,446.526113064468,1783.71713995644,0.0361461527821107,
1964,7,1964.43443708609,15.6105074524819,6.66027080948072,457.437154733587,1763.03896369119,0.0673264948665938,
1964,8,1964.51655629139,14.3464800847401,4.58242424312582,294.162306734057,1385.4039034676,0.107635010556306,
1964,9,1964.59867549669,9.80024017075436,2.18359326949648,176.572339906684,990.421425861654,0.0920497382846584,
1964,10,1964.68079470199,6.29160827935907,1.23857898735486,93.4108984553966,619.191183953234,0.0492848877348907,
1964,11,1964.76291390728,-1.5067507964948,0.690373462498565,22.3355953453208,207.344077915564,0.0286549101037893,
1964,12,1964.84503311258,-3.28560941297652,0.312248610701013,7.05692610326752,48.7471648906024,0.0282650676714463,
1965,1,1964.92715231788,-3.92016287409386,0.413726158792086,11.5024111206602,100.441658196969,0.0426830275828436,
1965,2,1965.00927152318,-7.4041546503803,0.494102905494698,62.0485406670873,356.163876741259,0.0313906590081528,
1965,3,1965.09139072848,-4.34082136158491,1.24550789104295,168.367064067021,824.884251996928,0.0271634330651513,
1965,4,1965.17350993377,2.79256808523537,3.12893727385576,320.065037698664,1322.43507475679,0.0277105380201162,
1965,5,1965.25562913907,6.48531658199803,5.02461135753356,426.362651260675,1605.5623597602,0.021351918793519,
1965,6,1965.33774834437,13.8871536188412,6.65938493225844,459.084086286773,1763.87708440088,0.0361461527821107,
1965,7,1965.41986754967,14.3131330552861,5.34978776648654,422.538507748079,1719.57151924674,0.0673264948665938,
1965,8,1965.50198675497,13.8891314765385,3.94947806928727,298.551231813138,1465.48607013427,0.107635010556306,
1965,9,1965.58410596027,12.2777318462373,2.06094137214986,158.142515629769,954.002523083876,0.0920497382846584,
1965,10,1965.66622516556,4.93010656512425,1.29973797303554,92.5908690292358,665.885815897679,0.0492848877348907,
1965,11,1965.74834437086,-4.77298644475601,0.497380474712201,23.8964145680389,147.850824443342,0.0286549101037893,
1965,12,1965.83046357616,-5.97387909993174,0.263928045048616,7.52422711926667,74.1797742656024,0.0282650676714463,
1966,1,1965.91258278146,-14.1662440314908,0.266388274273351,16.3028115393183,80.2884672247469,0.0426830275828436,
1966,2,1965.99470198676,-15.1977011907766,0.266357134522779,45.834211719618,154.214333338481,0.0313906590081528,
1966,3,1966.07682119205,-3.95037444231799,1.13266947800208,129.440402060692,614.942488108039,0.0271634330651513,
1966,4,1966.15894039735,-0.316305239688713,2.00144452843477,257.914226006372,1295.88940114568,0.0277105380201162,
1966,5,1966.24105960265,7.75199509473542,4.65641222786937,410.1674609504,1682.97141531575,0.021351918793519,
1966,6,1966.32317880795,15.9716422544342,7.49098081357768,436.075932715351,1785.82818856755,0.0361461527821107,
1966,7,1966.40529801325,16.6812411278746,5.91054518788762,395.086094704243,1754.1028248023,0.0673264948665938,
1966,8,1966.48741721854,14.198079952366,4.80093323319842,327.442081694832,1466.1396534676,0.107635010556306,
1966,9,1966.56953642384,8.26969495726695,2.04712764465759,177.365029216401,963.606620306098,0.0920497382846584,
1966,10,1966.65165562914,4.12665482194706,0.837971505766679,70.9152838015682,610.521621453234,0.0492848877348907,
1966,11,1966.73377483444,1.03936240846126,0.30754873612997,15.3844639692686,216.945060554453,0.0286549101037893,
1966,12,1966.81589403974,-5.65643359103635,0.364221006444468,5.70852576040542,30.5425450989358,0.0282650676714463,
1967,1,1966.89801324503,-11.9698625548733,0.229158511665504,18.5816633926286,215.057126946969,0.0426830275828436,
1967,2,1966.98013245033,-5.35198916481651,0.409155652572598,38.2586370121486,185.128609380148,0.0313906590081528,
1967,3,1967.06225165563,0.616181585822573,1.29907543672093,131.10834639358,765.64359921915,0.0271634330651513,
1967,4,1967.14437086093,2.67711665396095,2.62893933490677,299.265241287642,1274.78179003457,0.0277105380201162,
1967,5,1967.22649006623,8.69389303050016,4.62423551384431,305.645946158337,1636.44049864909,0.021351918793519,
1967,6,1967.30860927152,13.2392472094716,6.54853007912483,435.362080631991,1793.83314690088,0.0361461527821107,
1967,7,1967.39072847682,16.2562413575768,7.72721002097268,474.46486500279,1749.17683174674,0.0673264948665938,
1967,8,1967.47284768212,16.1670514509169,4.34074194236519,276.420155407688,1557.45188957871,0.107635010556306,
1967,9,1967.55496688742,11.6609123373668,2.38831278044082,183.935102054546,984.884814750543,0.0920497382846584,
1967,10,1967.63708609272,6.68213409723014,1.00338359993742,61.522515767747,454.421260342123,0.0492848877348907,
1967,11,1967.71920529801,2.55977807482944,0.432332027063679,12.5812690070391,59.4508834711199,0.0286549101037893,
1967,12,1967.80132450331,-10.834586024042,0.253071027443156,9.23274371217887,91.2722482239358,0.0282650676714463,
1968,1,1967.88344370861,-15.6444915612077,0.148142335970597,15.176117511139,82.9885713914135,0.0426830275828436,
1968,2,1967.96556291391,-6.15600822916385,0.381769437350421,57.1563274681467,365.231067713481,0.0313906590081528,
1968,3,1968.04768211921,-1.81957780473162,1.32357084503948,138.576713143575,850.866106163594,0.0271634330651513,
1968,4,1968.1298013245,3.87101195154123,3.29333108384985,298.308115574775,1261.65805392346,0.0277105380201162,
1968,5,1968.2119205298,6.87649869187179,4.13956269124074,339.457067868814,1582.72783198242,0.021351918793519,
1968,6,1968.2940397351,15.7916088885488,8.03830026533395,476.907313903251,1784.34564690088,0.0361461527821107,
1968,7,1968.3761589404,14.8574344061976,6.2287457375511,399.602635393551,1760.36297758008,0.0673264948665938,
1968,8,1968.4582781457,15.3865255460871,4.89399954384868,319.467816248202,1555.19884791204,0.107635010556306,
1968,9,1968.54039735099,9.57448744621288,2.23984946823217,168.898681324675,1070.69701613943,0.0920497382846584,
1968,10,1968.62251655629,0.755876338217918,0.904571710552549,69.4558559596218,540.316038119901,0.0492848877348907,
1968,11,1968.70463576159,-3.29560056354403,0.119668482403462,20.0061783227294,118.121128262787,0.0286549101037893,
1968,12,1968.78675496689,-2.93893481173956,0.222684861625624,7.79652505386891,101.927397529491,0.0282650676714463,
1969,1,1968.86887417219,-10.5674510017057,0.241538971874513,13.5160052547989,111.288554030302,0.0426830275828436,
1969,2,1968.95099337748,-10.1349959010268,0.384253310553212,50.4251148319528,395.79798785237,0.0313906590081528,
1969,3,1969.03311258278,-7.00030636842983,1.32103848654322,187.38546360838,773.302279774705,0.0271634330651513,
1969,4,1969.11523178808,2.80548977882531,2.59679127722069,277.602978849641,1300.95738725679,0.0277105380201162,
1969,5,1969.19735099338,7.71876998395329,4.99768689473031,398.912836636624,1620.28172087131,0.021351918793519,
1969,6,1969.27947019868,14.817717990586,8.42229003180809,463.463389941492,1770.41323717866,0.0361461527821107,
1969,7,1969.36158940397,16.1039083953766,6.8762532776506,429.008119842901,1698.91943591341,0.0673264948665938,
1969,8,1969.44370860927,16.4350514896381,6.97604749342442,406.036281785058,1598.69983402316,0.107635010556306,
1969,9,1969.52582781457,9.18766811536159,2.3695921328074,170.644613015376,1060.72731475054,0.0920497382846584,
1969,10,1969.60794701987,4.50093429536462,1.31236541133217,83.8496431675983,488.520117981012,0.0492848877348907,
1969,11,1969.69006622517,-0.70951886798731,0.258930572164685,19.4521660052461,148.744909512787,0.0286549101037893,
1969,12,1969.77218543046,-8.25906299623229,0.174422516801718,8.25009512682347,93.6602152378247,0.0282650676714463,
1970,1,1969.85430463576,-10.4672509023759,0.205501015647842,15.5099203936269,132.51092555808,0.0426830275828436,
1970,2,1969.93642384106,-13.7604518481762,0.269895297274203,54.4997613579779,239.744345491259,0.0313906590081528,
1970,3,1970.01854304636,-2.2492501689973,1.19563198732571,113.450647245324,615.845557552483,0.0271634330651513,
1970,4,1970.10066225166,1.56590534346834,1.81478516440329,205.268666575245,1165.02802614568,0.0277105380201162,
1970,5,1970.18278145695,8.44469140972144,5.09672487271816,416.601250042522,1674.38442920464,0.021351918793519,
1970,6,1970.26490066225,16.2373843656403,9.35577556789473,541.734864721467,1774.57432051199,0.0361461527821107,
1970,7,1970.34701986755,16.0477023177189,5.41691771970074,378.353186426981,1764.18289424674,0.0673264948665938,
1970,8,1970.42913907285,14.9890655930251,5.07761386928128,327.251871274742,1598.70782013427,0.107635010556306,
1970,9,1970.51125827815,9.31594761060084,1.87861216286963,158.522563651839,907.139703639432,0.0920497382846584,
1970,10,1970.59337748344,3.40457963647895,1.12324774513387,73.0226067409407,474.655510342123,0.0492848877348907,
1970,11,1970.67549668874,-1.87865648361509,0.264805204114377,21.7586366503742,164.903847012787,0.0286549101037893,
1970,12,1970.75761589404,-3.40899415530313,0.306798929476622,8.02129300131141,66.1988541267136,0.0282650676714463,
1971,1,1970.83973509934,-2.92402468081982,0.291474820702996,10.0542939759844,99.3624550719691,0.0426830275828436,
1971,2,1970.92185430464,-6.70719549543385,0.505169870372974,45.236685693124,169.174116324592,0.0313906590081528,
1971,3,1971.00397350993,-5.62654747813427,1.06669001124733,138.340878540194,763.623432552483,0.0271634330651513,
1971,4,1971.08609271523,1.05356619653638,2.57969590654144,301.225081992289,1171.51754003457,0.0277105380201162,
1971,5,1971.16821192053,9.17964390566561,5.57950626859885,396.164909678443,1609.45910281575,0.021351918793519,
1971,6,1971.25033112583,13.4298133783627,6.90287037555758,431.801385691789,1789.46123023422,0.0361461527821107,
1971,7,1971.33245033113,16.3217281424811,7.35348231362947,458.040245156345,1782.11059563563,0.0673264948665938,
1971,8,1971.41456953642,15.03372199791,4.61865634236086,319.11416063031,1436.87854235649,0.107635010556306,
1971,9,1971.49668874172,8.68763785209655,2.26279573273013,202.44882164177,1087.86971058388,0.0920497382846584,
1971,10,1971.57880794702,3.30590892311579,1.16207192414503,86.6036060015532,520.976871453234,0.0492848877348907,
1971,11,1971.66092715232,-3.0178065944956,0.57347724531496,27.5376874377177,227.642296665564,0.0286549101037893,
1971,12,1971.74304635762,-3.55532567579391,0.169824869489413,6.6087474063799,44.036876696158,0.0282650676714463,
1972,1,1971.82516556291,-8.85385371429184,0.262970086995341,14.1039182340354,147.786040141414,0.0426830275828436,
1972,2,1971.90728476821,-4.70017262367418,0.439916951829982,45.5536225725656,301.127791671814,0.0313906590081528,
1972,3,1971.98940397351,-3.09385480474871,1.71019586219802,181.531826648859,714.541432552483,0.0271634330651513,
1972,4,1972.07152317881,1.79937180973625,1.98660172498668,212.339675190221,1269.06054003457,0.0277105380201162,
1972,5,1972.15364238411,8.19108861273618,4.69702969456749,364.755600583218,1570.12255420464,0.021351918793519,
1972,6,1972.2357615894,16.2154917756473,8.38602010976464,430.788431204008,1718.76977190088,0.0361461527821107,
1972,7,1972.3178807947,19.3905963078562,7.88787442116753,432.278001575368,1719.3526998023,0.0673264948665938,
1972,8,1972.4,15.9652644662374,4.77731650041821,261.323624012591,1521.67666735649,0.107635010556306,
1972,9,1972.4821192053,9.77132506217963,2.32353330875396,181.57696650946,932.784064750543,0.0920497382846584,
1972,10,1972.5642384106,3.59133786244291,0.876848356807102,70.7623773113483,485.332621453234,0.0492848877348907,
1972,11,1972.64635761589,-0.303735320691846,0.280296564791567,17.9090581647217,142.330864373898,0.0286549101037893,
1972,12,1972.72847682119,1.57046611999827,0.556631934343857,6.40515201754357,55.8475763489358,0.0282650676714463,
1973,1,1972.81059602649,-1.95209906840088,0.642727115354111,13.824135200751,22.501765835858,0.0426830275828436,
1973,2,1972.89271523179,-4.34104750043877,0.524051661180877,57.0601286735308,376.35005035237,0.0313906590081528,
1973,3,1972.97483443709,-1.16171591055478,1.44726431997682,162.156187679992,743.205182552483,0.0271634330651513,
1973,4,1973.05695364238,2.76119826135569,2.17555020574413,226.677061444366,1287.18581781235,0.0277105380201162,
1973,5,1973.13907284768,9.63672384432853,5.32550663906178,356.672640696993,1657.72444309353,0.021351918793519,
1973,6,1973.22119205298,15.3836193865957,7.5212569301708,455.800216531195,1788.57429273422,0.0361461527821107,
1973,7,1973.30331125828,19.4185984007714,9.32014136751617,510.02533703121,1793.99951924674,0.0673264948665938,
1973,8,1973.38543046358,14.4941920949494,5.01447498681091,349.858024007307,1486.68216735649,0.107635010556306,
1973,9,1973.46754966887,6.69963367627448,1.8591803088046,163.08000892854,1050.88267586165,0.0920497382846584,
1973,10,1973.54966887417,1.32195567276401,0.917332690873098,86.0827329148261,581.069163119901,0.0492848877348907,
1973,11,1973.63178807947,-3.59092658452652,0.302976064812938,23.5513375261622,163.310657776675,0.0286549101037893,
1973,12,1973.71390728477,-8.41425296159309,0.207269090833629,8.13521178254977,53.7770871996302,0.0282650676714463,
1974,1,1973.79602649007,-3.42958907307371,0.339134941557295,11.5490925773952,119.451158196969,0.0426830275828436,
1974,2,1973.87814569536,-0.251038537716647,0.323104836237793,38.9165571819361,359.879973963481,0.0313906590081528,
1974,3,1973.96026490066,-1.52076337982718,1.51699826075275,177.58571074078,810.353203385817,0.0271634330651513,
1974,4,1974.04238410596,2.33727926178974,3.13231417994253,360.560121387887,1314.5339358679,0.0277105380201162,
1974,5,1974.12450331126,6.07000142565614,4.70772525417694,437.601259193369,1627.13380420464,0.021351918793519,
1974,6,1974.20662251656,13.606288818494,6.87136293513045,441.373265118684,1759.93689690088,0.0361461527821107,
1974,7,1974.28874172185,15.1732537260559,3.94934659222577,286.191191467787,1543.21071369119,0.0673264948665938,
1974,8,1974.37086092715,14.578086722018,3.92607488538458,312.991909078457,1337.74087568982,0.107635010556306,
1974,9,1974.45298013245,11.7985502598657,2.1835850436,164.467606837236,1144.08203002832,0.0920497382846584,
1974,10,1974.53509933775,3.88823168981972,0.581677156765179,45.488700746706,351.369920064345,0.0492848877348907,
1974,11,1974.61721854305,0.818803606174473,0.215058410749653,12.9886542747695,39.3187359016755,0.0286549101037893,
1974,12,1974.69933774834,0.0205426846640362,0.258241870379721,6.56661376665061,66.6563385017136,0.0282650676714463,
1975,1,1974.78145695364,-2.06689237415686,0.454626814214344,12.2274186935384,28.8143873636357,0.0426830275828436,
1975,2,1974.86357615894,-3.03553366435012,0.840186192002504,72.2161193624249,354.597960074592,0.0313906590081528,
1975,3,1974.94569536424,-0.624764353272216,1.38999289555491,149.370806744264,718.278293663594,0.0271634330651513,
1975,4,1975.02781456954,2.83660329743427,2.87298294664112,276.520552304181,1249.00006781235,0.0277105380201162,
1975,5,1975.10993377483,10.7099584434523,6.5340887281944,441.647552870261,1562.83027642686,0.021351918793519,
1975,6,1975.19205298013,12.1259390870487,6.36775810571554,442.009300374181,1793.84879967866,0.0361461527821107,
1975,7,1975.27417218543,16.6459171542497,7.53739129147345,454.987812058347,1796.95118591341,0.0673264948665938,
1975,8,1975.35629139073,15.4513530446564,6.08162518477204,336.745352718424,1539.47195902316,0.107635010556306,
1975,9,1975.43841059603,12.0145017979517,2.63583975737786,182.248220706293,1089.66179391721,0.0920497382846584,
1975,10,1975.52052980132,3.81278374591694,1.29972946100089,85.973060133148,562.852843675457,0.0492848877348907,
1975,11,1975.60264900662,0.451433127862299,0.409293816477001,18.7705412295421,135.824859165564,0.0286549101037893,
1975,12,1975.68476821192,-3.07872625936875,0.560501936717426,9.52678930498883,65.1029600294913,0.0282650676714463,
1976,1,1975.76688741722,-11.9766067755658,0.194470540010869,16.1572470210717,91.4332849330802,0.0426830275828436,
1976,2,1975.84900662252,-6.83624813679021,0.495274086384585,53.912671047744,392.226279519037,0.0313906590081528,
1976,3,1975.93112582781,-6.31662527006612,1.07651762964976,163.022986795722,703.224793663594,0.0271634330651513,
1976,4,1976.01324503311,1.74520993263392,2.69071259183043,307.717543024049,1290.54988725679,0.0277105380201162,
1976,5,1976.09536423841,10.4951983706827,7.4486792850666,497.467116476543,1645.96888753798,0.021351918793519,
1976,6,1976.17748344371,11.7248208721235,6.05056340799441,415.913026432242,1768.15300801199,0.0361461527821107,
1976,7,1976.25960264901,14.8567018202495,5.81785538116392,352.585512915368,1823.74618591341,0.0673264948665938,
1976,8,1976.3417218543,15.2754028404839,6.84950229137626,419.615626159337,1627.92932013427,0.107635010556306,
1976,9,1976.4238410596,7.32425898823207,2.34650649538105,219.412494808507,1130.65817586165,0.0920497382846584,
1976,10,1976.5059602649,0.294117898959079,0.691711912502821,77.7422733027055,624.891190897679,0.0492848877348907,
1976,11,1976.5880794702,-0.902722221869146,0.189537286093599,13.0154529347346,91.2408365961199,0.0286549101037893,
1976,12,1976.6701986755,-5.49490530107738,0.272969075954457,6.92418113652129,41.2730832933802,0.0282650676714463,
1977,1,1976.75231788079,-6.20393828572009,0.268557848857409,12.5658772200791,75.8348526414135,0.0426830275828436,
1977,2,1976.83443708609,-9.03470178786766,0.352419527098906,50.031337852473,368.710376741259,0.0313906590081528,
1977,3,1976.91655629139,-2.14108426395754,1.29831822503057,158.230679642931,867.937376996928,0.0271634330651513,
1977,4,1976.99867549669,1.2302809453428,1.86083306031626,219.887588404055,1306.6593108679,0.0277105380201162,
1977,5,1977.08079470199,8.10519943223491,4.69058370026638,361.700683768161,1631.05115142686,0.021351918793519,
1977,6,1977.16291390728,13.7806312494565,7.66792870751222,474.396516129517,1764.68879273422,0.0361461527821107,
1977,7,1977.24503311258,14.5533810893634,5.0450003490197,340.22481771429,1798.13568591341,0.0673264948665938,
1977,8,1977.32715231788,14.0954097955385,4.34433926965284,308.315614571343,1592.21383402316,0.107635010556306,
1977,9,1977.40927152318,8.20996073994106,2.3184023445188,180.343276803601,1047.77416197277,0.0920497382846584,
1977,10,1977.49139072848,3.55595428930051,0.560891590206762,46.8564974771236,311.665331522679,0.0492848877348907,
1977,11,1977.57350993378,0.668382294054185,0.294458448723386,14.1575250744093,69.0207202766755,0.0286549101037893,
1977,12,1977.65562913907,-5.34388203109596,0.350181979498126,9.19530642197242,95.2139131544913,0.0282650676714463,
1978,1,1977.73774834437,-6.80716731620622,0.32480479630771,14.729685189643,89.845765835858,0.0426830275828436,
1978,2,1977.81986754967,-12.7229962439862,0.349870402098776,58.2443276499396,343.40111285237,0.0313906590081528,
1978,3,1977.90198675497,-3.34826644060898,1.07805507066545,122.540593277528,723.804043663594,0.0271634330651513,
1978,4,1977.98410596027,1.46298226811027,2.52230637076916,268.793556657189,1194.54117892346,0.0277105380201162,
1978,5,1978.06622516556,9.7370916057559,7.17875903597515,450.964799627498,1649.14815837131,0.021351918793519,
1978,6,1978.14834437086,13.890970265841,7.01178806838877,456.078404250942,1816.83713995644,0.0361461527821107,
1978,7,1978.23046357616,15.4059195365897,5.8311173428485,407.237536999016,1622.30324146897,0.0673264948665938,
1978,8,1978.31258278146,13.4723034030574,4.26450008088828,291.353149184519,1419.37298680093,0.107635010556306,
1978,9,1978.39470198676,8.38078140000243,1.75625371854952,162.509694669562,807.605925861654,0.0920497382846584,
1978,10,1978.47682119205,2.64204687930437,1.28087154712802,92.1179049552373,577.178010342123,0.0492848877348907,
1978,11,1978.55894039735,0.901159274984094,0.636911788333348,26.646986368418,236.46571159612,0.0286549101037893,
1978,12,1978.64105960265,-13.6425670024027,0.179100554254184,9.01726468306235,70.1566510017136,0.0282650676714463,
1979,1,1978.72317880795,-8.83779322352982,0.266212181032958,13.5203113902141,54.3326078497469,0.0426830275828436,
1979,2,1978.80529801325,-9.54043904714207,0.436552076828552,57.5932503942485,301.105310769037,0.0313906590081528,
1979,3,1978.88741721854,-1.54651633954001,1.34182937713779,121.789546355845,797.480071441372,0.0271634330651513,
1979,4,1978.96953642384,1.56933026344447,2.24308852357799,248.730775538569,1234.68959559012,0.0277105380201162,
1979,5,1979.05165562914,10.5087484214796,6.07765092419699,422.463460293918,1605.02888753798,0.021351918793519,
1979,6,1979.13377483444,15.5054231789134,8.70582910848159,476.520861430159,1762.34007745644,0.0361461527821107,
1979,7,1979.21589403974,15.3000582829538,4.41460689031449,364.579716879858,1605.58160258008,0.0673264948665938,
1979,8,1979.29801324503,15.8233245031735,4.46425650980305,314.887088694036,1598.3379034676,0.107635010556306,
1979,9,1979.38013245033,9.33480187899275,1.99914225623583,167.846007585985,1032.26481475054,0.0920497382846584,
1979,10,1979.46225165563,2.38594004120111,0.772250618158106,72.6619765077504,654.856038119901,0.0492848877348907,
1979,11,1979.54437086093,0.487394999539274,0.224655962959346,14.9111719058063,148.058822707231,0.0286549101037893,
1979,12,1979.62649006623,-5.38201602147589,0.272109277690504,7.25888560170032,69.8060607239358,0.0282650676714463,
1980,1,1979.70860927152,-9.17215266940941,0.261572296669833,19.1618114371948,200.378255419191,0.0426830275828436,
1980,2,1979.79072847682,-8.65373451612856,0.329728137897802,58.7677191525034,311.768366324592,0.0313906590081528,
1980,3,1979.87284768212,-5.89607743605947,1.50460129456952,188.531955716553,792.671793663595,0.0271634330651513,
1980,4,1979.95496688742,5.00996831818617,2.9585414236104,249.400217265435,1251.92681781235,0.0277105380201162,
1980,5,1980.03708609272,7.33605596877191,5.32826793690722,419.056023527642,1625.10038059353,0.021351918793519,
1980,6,1980.11920529801,16.7594329767514,9.49964700951244,467.917063503626,1824.81063301199,0.0361461527821107,
1980,7,1980.20132450331,17.3189476793752,8.62379025515769,416.063559446949,1676.92121369119,0.0673264948665938,
1980,8,1980.28344370861,14.7491101831445,4.54500259109961,289.779696184628,1473.48112568982,0.107635010556306,
1980,9,1980.36556291391,10.7793617816078,2.4701230548815,175.322132427428,1171.73042586165,0.0920497382846584,
1980,10,1980.44768211921,3.87912555624593,0.630478531083093,56.8680879518966,418.23052075879,0.0492848877348907,
1980,11,1980.5298013245,-4.45578572047218,0.290276250283366,26.4529119707882,202.684980693342,0.0286549101037893,
1980,12,1980.6119205298,-4.60642223308298,0.277451263283367,7.21301534267171,55.878282946158,0.0282650676714463,
1981,1,1980.6940397351,-4.77356535025071,0.315072104913506,15.4710764124435,163.610040141414,0.0426830275828436,
1981,2,1980.7761589404,-6.84949984778538,0.456715775512188,55.8341911408233,417.254432296814,0.0313906590081528,
1981,3,1980.8582781457,-6.40940717783472,1.37980145616949,176.182335841847,829.512363108039,0.0271634330651513,
1981,4,1980.94039735099,1.53089282278421,2.75704671862328,336.825489268811,1188.56884559012,0.0277105380201162,
1981,5,1981.02251655629,10.159477365007,6.54434147802257,478.713170787763,1610.4642347602,0.021351918793519,
1981,6,1981.10463576159,12.2647476129818,4.48070655410967,300.582621424454,1771.24714690088,0.0361461527821107,
1981,7,1981.18675496689,16.6968089484339,5.48079653375468,385.10526167208,1749.1693248023,0.0673264948665938,
1981,8,1981.26887417219,13.6969170849737,3.61509757359613,242.69817813182,1536.78479235649,0.107635010556306,
1981,9,1981.35099337748,9.6063636923472,1.9985107701572,157.726443258673,1104.7288703061,0.0920497382846584,
1981,10,1981.43311258278,4.86424684228948,0.649566987033677,63.8778142279776,531.857628397679,0.0492848877348907,
1981,11,1981.51523178808,-0.940896702731234,0.294791944473754,16.9338651356306,247.98008659612,0.0286549101037893,
1981,12,1981.59735099338,-8.00861023678691,0.223440341298143,7.484199641902,43.4625155850469,0.0282650676714463,
1982,1,1981.67947019868,-11.9778258584699,0.293949566222411,19.1138157452476,165.131873474747,0.0426830275828436,
1982,2,1981.76158940397,-5.68680114747098,0.465678622414325,67.4645837550693,378.824946185703,0.0313906590081528,
1982,3,1981.84370860927,-0.101747474918564,1.5715575521273,152.609420782469,829.77334921915,0.0271634330651513,
1982,4,1981.92582781457,2.78845185734365,2.82302678564591,289.570650683441,1261.56956781235,0.0277105380201162,
1982,5,1982.00794701987,8.38901344203461,4.66966684412876,341.741023889867,1560.2609847602,0.021351918793519,
1982,6,1982.09006622517,10.6475870277903,6.42058404838117,447.938497979061,1805.71104967866,0.0361461527821107,
1982,7,1982.17218543046,16.7447573960408,8.70657961498876,490.893649343609,1762.76488035785,0.0673264948665938,
1982,8,1982.25430463576,15.5229743139645,5.54842608455023,343.312786638828,1577.15905624538,0.107635010556306,
1982,9,1982.33642384106,9.61704895608692,2.33749335244708,208.853684821382,1033.93614808388,0.0920497382846584,
1982,10,1982.41854304636,3.17602364952077,0.823010763494693,57.794950715221,397.899319369901,0.0492848877348907,
1982,11,1982.50066225166,2.3733747155223,0.494794821831311,19.9266770939689,171.911819235009,0.0286549101037893,
1982,12,1982.58278145695,-1.44018242283666,0.322217320585891,7.32868927315775,72.4639582933802,0.0282650676714463,
1983,1,1982.66490066225,-2.51765072366775,0.39462679802178,15.0165157440434,98.3596790303024,0.0426830275828436,
1983,2,1982.74701986755,-8.49058435986004,0.596415842332474,76.1852475001194,370.787723963481,0.0313906590081528,
1983,3,1982.82913907285,-2.95294503554692,1.30928271556219,143.309665564748,564.553321441372,0.0271634330651513,
1983,4,1982.91125827815,5.53036656410361,3.06074709732388,229.278834666943,1158.87009559012,0.0277105380201162,
1983,5,1982.99337748344,10.9777292721916,5.12054659232912,352.178612001798,1583.50695698242,0.021351918793519,
1983,6,1983.07549668874,13.390531702812,6.21797979178358,406.813004277211,1796.20214690088,0.0361461527821107,
1983,7,1983.15761589404,16.783510700471,7.27671459020294,421.961084813752,1755.82271369119,0.0673264948665938,
1983,8,1983.23973509934,14.6798667007804,5.7744234451375,354.480478297424,1531.06258402316,0.107635010556306,
1983,9,1983.32185430464,11.1604219368406,2.52187257081144,174.985665166712,1165.02576613943,0.0920497382846584,
1983,10,1983.40397350993,4.2640896685585,0.960604826973923,64.8893532221018,571.029343675457,0.0492848877348907,
1983,11,1983.48609271523,-3.74638702696358,0.503835583804096,31.9813313833175,196.267661248898,0.0286549101037893,
1983,12,1983.56821192053,-4.5012174355228,0.236635385803589,7.73491249891026,80.6818662794914,0.0282650676714463,
1984,1,1983.65033112583,-5.83218820269917,0.31465052235345,12.2763595355892,36.1065453497468,0.0426830275828436,
1984,2,1983.73245033113,-4.6754192285059,0.395737258570639,51.1108639923426,324.015746532926,0.0313906590081528,
1984,3,1983.81456953642,-4.43345416801418,1.33182666071959,169.507751482984,786.20272421915,0.0271634330651513,
1984,4,1983.89668874172,4.64806018965969,2.99468692025337,297.285060129408,1300.76364420123,0.0277105380201162,
1984,5,1983.97880794702,12.5257766147996,7.21958463391482,446.849094561407,1586.70555420464,0.021351918793519,
1984,6,1984.06092715232,13.2798353340647,6.09815062337405,439.26478179579,1727.93431356755,0.0361461527821107,
1984,7,1984.14304635762,15.3400558349846,4.59448503529044,381.706112113312,1750.80504008008,0.0673264948665938,
1984,8,1984.22516556291,14.4485300866434,5.09165385453729,348.418857863708,1578.64095902316,0.107635010556306,
1984,9,1984.30728476821,9.40253377867808,1.88565999897435,137.650774518035,1097.9956203061,0.0920497382846584,
1984,10,1984.38940397351,5.49402505825161,0.698696931452926,53.4791945356811,379.962873189346,0.0492848877348907,
1984,11,1984.47152317881,0.359767690375855,0.284059811912359,10.4139091095109,0,0.0286549101037893,
1984,12,1984.55364238411,-2.90778136870043,0.186408356522828,5.50460019175471,35.5460433628247,0.0282650676714463,
1985,1,1984.6357615894,-17.7961408517232,0.163361927561914,20.5233285735612,186.224031460858,0.0426830275828436,
1985,2,1984.7178807947,-15.84479185287,0.290499455397967,65.8265089607164,314.672875005148,0.0313906590081528,
1985,3,1984.8,-1.94548365176835,1.43320415976217,159.500017054978,753.41047421915,0.0271634330651513,
1985,4,1984.8821192053,1.04053150313631,2.54225980843409,277.288155720881,1323.33447059012,0.0277105380201162,
1985,5,1984.9642384106,8.13848356827892,5.39175042209692,384.063937690529,1599.3379847602,0.021351918793519,
1985,6,1985.04635761589,13.2173590275733,6.26845554813695,402.979254933369,1744.20489690088,0.0361461527821107,
1985,7,1985.12847682119,15.8210102000484,6.72454404904447,391.725262121909,1802.0578248023,0.0673264948665938,
1985,8,1985.21059602649,15.8910241406378,4.5019209823181,296.61287958427,1395.01726457871,0.107635010556306,
1985,9,1985.29271523179,9.45558536694851,2.27088754255285,198.919792522284,1079.4288703061,0.0920497382846584,
1985,10,1985.37483443709,5.50118204559572,1.25629044797824,75.1473425900101,490.253343675457,0.0492848877348907,
1985,11,1985.45695364238,-2.21275724926716,0.326579673251578,20.7630505372639,201.424173401676,0.0286549101037893,
1985,12,1985.53907284768,-8.23258754106094,0.153268355742624,8.52363698567316,67.3265728767136,0.0282650676714463,
1986,1,1985.62119205298,-9.7190101135982,0.243116306998804,13.0642539791154,77.7099515997469,0.0426830275828436,
1986,2,1985.70331125828,-11.2446761676342,0.417815334620074,73.7951189720063,389.874529519037,0.0313906590081528,
1986,3,1985.78543046358,-0.3270413624774,1.3900872235401,136.716255514996,676.466050608039,0.0271634330651513,
1986,4,1985.86754966887,1.92860544553269,2.49880332943964,277.286042271459,1245.86360253457,0.0277105380201162,
1986,5,1985.94966887417,10.3927052076046,5.27329394530443,356.96508909477,1562.03965142686,0.021351918793519,
1986,6,1986.03178807947,16.1221172266293,8.30536291033915,485.723597268042,1774.79553578977,0.0361461527821107,
1986,7,1986.11390728477,16.5270913443197,6.04675865460266,401.216995034149,1749.09010258008,0.0673264948665938,
1986,8,1986.19602649007,12.9272401381491,3.62668821940509,264.870745922081,1558.60332707871,0.107635010556306,
1986,9,1986.27814569536,6.66524863090508,1.67289470478834,194.740209264466,1069.2211828061,0.0920497382846584,
1986,10,1986.36026490066,4.35006609487792,1.0727402966912,82.235906661601,587.893774231012,0.0492848877348907,
1986,11,1986.44238410596,2.66358433737561,0.366203567931203,16.4741898268502,225.096444235009,0.0286549101037893,
1986,12,1986.52450331126,-9.49727293600436,0.25048305401765,9.53901331410845,99.0754773906025,0.0282650676714463,
1987,1,1986.60662251656,-18.9534423545662,0.15560559409979,22.1474557514611,171.045948127525,0.0426830275828436,
1987,2,1986.68874172185,-7.63740204403378,0.433171566371106,65.622457305842,382.726960074592,0.0313906590081528,
1987,3,1986.77086092715,-5.6975558732575,1.32798134810441,171.6398049815,822.733432552483,0.0271634330651513,
1987,4,1986.85298013245,2.93868722416495,3.41351569570808,327.928434120506,1275.98226225679,0.0277105380201162,
1987,5,1986.93509933775,7.52662905607456,4.48073409615074,317.493579422338,1631.46770698242,0.021351918793519,
1987,6,1987.01721854305,12.3766019118913,4.52867454757444,311.556463774994,1771.67648023422,0.0361461527821107,
1987,7,1987.09933774834,14.7534642579674,5.80508640471182,427.600448782889,1795.66574146897,0.0673264948665938,
1987,8,1987.18145695364,11.8090295199351,3.50367427717522,255.207610963816,1215.52462568982,0.107635010556306,
1987,9,1987.26357615894,8.613024153773,1.71564889588841,149.751913825338,979.923203639432,0.0920497382846584,
1987,10,1987.34569536424,5.76420000765152,1.20020609739941,76.4274079561786,620.724038119901,0.0492848877348907,
1987,11,1987.42781456954,-1.58047511934366,0.372810032328545,21.067234496008,213.205484165564,0.0286549101037893,
1987,12,1987.50993377483,-6.02220899675611,0.237698283553522,9.07844274938153,79.2422100294913,0.0282650676714463,
1988,1,1987.59205298013,-3.69512559670811,0.314928487398865,11.2583960091819,107.50812868308,0.0426830275828436,
1988,2,1987.67417218543,-4.69578824302662,0.388963691528158,43.9477922766972,333.678821185703,0.0313906590081528,
1988,3,1987.75629139073,-2.97037028552853,1.06939575870836,127.498893575818,677.698626996928,0.0271634330651513,
1988,4,1987.83841059603,1.14285338220532,2.50860181894172,285.962506099201,1312.58053309012,0.0277105380201162,
1988,5,1987.92052980132,10.3861495067897,6.25892576303453,440.63723842667,1615.94622087131,0.021351918793519,
1988,6,1988.00264900662,15.967565529852,6.9567047874871,446.825248794633,1729.63375801199,0.0361461527821107,
1988,7,1988.08476821192,19.0374839332736,6.66078362194928,414.881390107708,1766.7815748023,0.0673264948665938,
1988,8,1988.16688741722,14.3437351024206,3.44692981062904,250.027273841552,1346.36907013427,0.107635010556306,
1988,9,1988.24900662252,10.9334783485837,2.17984803129098,165.146557782598,994.962648083876,0.0920497382846584,
1988,10,1988.33112582781,3.52059860856815,1.13409929455807,93.8093222164902,587.398954786568,0.0492848877348907,
1988,11,1988.41324503311,-4.28794601320355,0.423264315190494,29.2816451732957,182.859619582231,0.0286549101037893,
1988,12,1988.49536423841,-7.13672296822836,0.226976600228335,10.3062218829424,85.171298571158,0.0282650676714463,
1989,1,1988.57748344371,-0.300234985818316,0.546700734122338,17.2813784875328,205.514203335858,0.0426830275828436,
1989,2,1988.65960264901,0.111891260591225,0.638425118697318,54.187613710524,252.37322222737,0.0313906590081528,
1989,3,1988.7417218543,0.97139569452553,1.18470105674882,119.68327512889,779.966210330261,0.0271634330651513,
1989,4,1988.8238410596,5.41447402666871,3.03819438066814,229.261447050116,1319.76915114568,0.0277105380201162,
1989,5,1988.9059602649,10.3881932411043,6.46064532644515,438.790575500644,1652.37183198242,0.021351918793519,
1989,6,1988.9880794702,15.4731504585765,7.7253932436734,449.387084881032,1766.85031356755,0.0361461527821107,
1989,7,1989.0701986755,16.6149788109145,7.71992004566455,452.360457845201,1826.2825748023,0.0673264948665938,
1989,8,1989.15231788079,14.5197744392507,4.53812213826721,322.128390019551,1402.80851457871,0.107635010556306,
1989,9,1989.23443708609,11.3420254321205,2.93107782674418,222.626114856279,1129.54523141721,0.0920497382846584,
1989,10,1989.31655629139,3.67491915109852,0.789919010159482,66.9225991358176,601.674767286568,0.0492848877348907,
1989,11,1989.39867549669,-0.180559296996694,0.237561011976129,16.0355440294522,77.21407097112,0.0286549101037893,
1989,12,1989.48079470199,-6.05244752772506,0.342643733739444,9.56870063108957,88.5423358975469,0.0282650676714463,
1990,1,1989.56291390728,-5.14708963666433,0.249825911245476,10.442599810198,25.7219255580802,0.0426830275828436,
1990,2,1989.64503311258,1.20848016737892,0.522182461861374,45.8479804754819,291.039256949592,0.0313906590081528,
1990,3,1989.72715231788,0.318491881337716,1.84011837996131,170.084644997868,834.167626996928,0.0271634330651513,
1990,4,1989.80927152318,5.86452717811728,3.68113029025155,288.833895175198,1267.72398447901,0.0277105380201162,
1990,5,1989.89139072848,9.12111344682563,5.6912272818317,449.457037819771,1577.1688597602,0.021351918793519,
1990,6,1989.97350993377,13.5093243002648,6.91975742912341,473.334164293298,1803.24621634533,0.0361461527821107,
1990,7,1990.05562913907,15.4553592847179,5.18658974617936,399.920233530238,1810.95818591341,0.0673264948665938,
1990,8,1990.13774834437,15.5341173728234,5.07807524107396,337.576568280573,1529.07532013427,0.107635010556306,
1990,9,1990.21986754967,8.21303364813063,2.18031766171631,159.285311369814,1089.05373141721,0.0920497382846584,
1990,10,1990.30198675497,4.04379262423516,1.05895895713837,78.0695144236496,486.317788119901,0.0492848877348907,
1990,11,1990.38410596027,-2.80533976116904,0.278369074731111,25.4736863932471,185.797869582231,0.0286549101037893,
1990,12,1990.46622516556,-1.60992287411616,0.319488401628304,7.59819779160291,93.4705450989358,0.0282650676714463,
1991,1,1990.54834437086,-4.04165165035209,0.422056200145745,18.8984444625026,149.382224169191,0.0426830275828436,
1991,2,1990.63046357616,-7.50198617209558,0.39927091745421,54.3519830162816,403.008807296814,0.0313906590081528,
1991,3,1990.71258278146,-1.40166389613209,1.22456119720214,124.978954328605,788.780960330261,0.0271634330651513,
1991,4,1990.79470198676,3.82366236081582,3.24611517240728,270.662455741346,1153.98579003457,0.0277105380201162,
1991,5,1990.87682119205,6.64998570089977,4.3449381025021,347.442319243129,1659.91008198242,0.021351918793519,
1991,6,1990.95894039735,12.1372518684885,4.73568033038294,370.244223467152,1716.86939690088,0.0361461527821107,
1991,7,1991.04105960265,16.9789834177562,6.74185782338595,444.274442703118,1765.89160258008,0.0673264948665938,
1991,8,1991.12317880795,16.3175707911859,4.88731098910498,334.576841179695,1455.44337568982,0.107635010556306,
1991,9,1991.20529801325,9.08951731105381,2.37782080695014,204.529692747918,1134.41580086165,0.0920497382846584,
1991,10,1991.28741721854,4.64911735915881,0.680914995576574,60.301103905201,514.721510342123,0.0492848877348907,
1991,11,1991.36953642384,2.17965069784923,0.381045197847871,19.6217039431711,130.897428610009,0.0286549101037893,
1991,12,1991.45165562914,-1.87996369383796,0.441353931025969,9.81313979753518,91.0112421475469,0.0282650676714463,
1992,1,1991.53377483444,-2.38718270379263,0.581255920010914,21.8484267332322,164.902911669191,0.0426830275828436,
1992,2,1991.61589403974,-2.16204827611892,0.505167948010796,59.1862790250247,351.580168407925,0.0313906590081528,
1992,3,1991.69801324503,0.290846852290252,1.08492751319423,111.947233679541,708.494988108039,0.0271634330651513,
1992,4,1991.78013245033,0.927581496015544,1.94184730820716,200.711913448383,1202.98281781235,0.0277105380201162,
1992,5,1991.86225165563,10.9187341586137,7.11040645698048,466.57981710058,1642.14865142686,0.021351918793519,
1992,6,1991.94437086093,15.4022323118073,9.2248993169672,522.267292989269,1779.5143691231,0.0361461527821107,
1992,7,1992.02649006623,15.0707011275333,6.10651944248044,412.605963668694,1747.02776924674,0.0673264948665938,
1992,8,1992.10860927152,13.9206359947808,3.80379863970241,251.319961012234,1618.6267784676,0.107635010556306,
1992,9,1992.19072847682,11.3968334341686,1.81521251690726,146.533142906312,947.640786972765,0.0920497382846584,
1992,10,1992.27284768212,-1.70561728721786,0.721603669822587,76.7734093118112,438.994170064345,0.0492848877348907,
1992,11,1992.35496688742,-3.52016801925958,0.204426100176361,20.3715439395572,172.244400832231,0.0286549101037893,
1992,12,1992.43708609272,0.0525641148949461,0.593084242760587,7.94064170249107,56.7129114183802,0.0282650676714463,
1993,1,1992.51920529801,-2.16742855651935,0.466436285403282,17.0914344176248,106.202120002525,0.0426830275828436,
1993,2,1992.60132450331,-2.99936515718283,0.847792796231778,59.0766091212842,359.274946185703,0.0313906590081528,
1993,3,1992.68344370861,-0.687488046299531,1.51206385753673,141.688705381262,689.033154774706,0.0271634330651513,
1993,4,1992.76556291391,3.62505739560591,3.60882702702669,311.623825784644,1262.46017892346,0.0277105380201162,
1993,5,1992.84768211921,12.5580686014087,8.17178134473522,485.246827599264,1628.85305420464,0.021351918793519,
1993,6,1992.9298013245,11.1559463858361,5.79023580941886,406.94389181926,1783.6601191231,0.0361461527821107,
1993,7,1993.0119205298,15.8259888311808,6.2947565683684,376.590315542392,1787.68665813563,0.0673264948665938,
1993,8,1993.0940397351,13.4187330351008,3.9771928410376,262.623160741193,1275.52236180093,0.107635010556306,
1993,9,1993.1761589404,6.24419387558816,2.38765866153926,206.969270539415,963.133523083876,0.0920497382846584,
1993,10,1993.2582781457,2.21295500531505,1.09110614988495,87.336532746216,604.815385342123,0.0492848877348907,
1993,11,1993.34039735099,-4.00280635713666,0.445214204295432,21.0283612642939,235.198754998898,0.0286549101037893,
1993,12,1993.42251655629,-4.36416813995381,0.234017657895781,7.47462074327047,76.9439669739358,0.0282650676714463,
1994,1,1993.50463576159,-5.27591026106723,0.285049316679398,13.4765590556883,119.75994118308,0.0426830275828436,
1994,2,1993.58675496689,-13.2432645934067,0.34980754632275,74.3478674479521,389.524098963481,0.0313906590081528,
1994,3,1993.66887417219,-2.78019144513745,1.33741308555148,152.65005152159,836.881307552483,0.0271634330651513,
1994,4,1993.75099337748,5.19650523428318,3.38741132698686,265.087834252871,1314.30665114568,0.0277105380201162,
1994,5,1993.83311258278,7.25661941022283,5.77286035579636,440.563245841091,1565.13890142686,0.021351918793519,
1994,6,1993.91523178808,12.0840044590919,5.36361469981271,409.915453106852,1773.62445245644,0.0361461527821107,
1994,7,1993.99735099338,18.904282908408,10.1668640289742,520.538212480863,1808.93226924674,0.0673264948665938,
1994,8,1994.07947019868,15.3997185740347,5.46975309341828,331.818224131388,1574.31312568982,0.107635010556306,
1994,9,1994.16158940397,10.2210623566946,2.11350974901163,171.835855040224,1020.19556475054,0.0920497382846584,
1994,10,1994.24370860927,3.28758008210122,0.924230505669674,76.3879438243226,634.872871453234,0.0492848877348907,
1994,11,1994.32582781457,-1.43757694124306,0.435787637070262,25.5255677005041,146.553760207231,0.0286549101037893,
1994,12,1994.40794701987,-0.843991508805612,0.259193427946167,5.88116567718089,73.297548571158,0.0282650676714463,
1995,1,1994.49006622517,-3.32740996622805,0.585245096631441,16.2031588982766,223.28365993308,0.0426830275828436,
1995,2,1994.57218543046,-0.781764834277827,0.50115164028754,39.8430709801957,142.695326394037,0.0313906590081528,
1995,3,1994.65430463576,-0.0793742344374233,1.30425739029365,124.40882176274,858.717571441372,0.0271634330651513,
1995,4,1994.73642384106,2.8124026460535,3.06059057935154,292.067290470192,1277.85804003457,0.0277105380201162,
1995,5,1994.81854304636,8.2363321118357,4.63488891462561,340.95052329573,1616.61002642686,0.021351918793519,
1995,6,1994.90066225166,16.2619993779152,6.79298684539392,438.043657625261,1798.74748023422,0.0361461527821107,
1995,7,1994.98278145695,15.3294273500741,6.94588821801036,445.182990470634,1761.5735123023,0.0673264948665938,
1995,8,1995.06490066225,15.2990205746752,6.61145535717947,358.752111024745,1618.7216534676,0.107635010556306,
1995,9,1995.14701986755,10.4264998685626,2.53285830269205,191.582944662938,1097.47173141721,0.0920497382846584,
1995,10,1995.22913907285,6.6029768729647,1.19867671032827,69.9568259596004,490.296788119901,0.0492848877348907,
1995,11,1995.31125827815,-3.03427949573394,0.470300859349412,27.0532773164263,202.380470276675,0.0286549101037893,
1995,12,1995.39337748344,-9.2094304008009,0.224397963465926,10.5334551290774,86.283564196158,0.0282650676714463,
1996,1,1995.47549668874,-5.36485126090838,0.256545740967408,14.7767992067199,202.291767571969,0.0426830275828436,
1996,2,1995.55761589404,-10.4546213718569,0.426932649637452,59.1208826245438,321.058968755148,0.0313906590081528,
1996,3,1995.63973509934,-3.26691357093941,1.56016675840105,182.653835594808,788.763071441372,0.0271634330651513,
1996,4,1995.72185430464,3.31125221812922,3.16507176837722,292.749043059325,1299.82415809012,0.0277105380201162,
1996,5,1995.80397350993,8.15781370579838,5.38101312615952,389.832544886482,1666.64269309353,0.021351918793519,
1996,6,1995.88609271523,12.8112877249475,6.27428853079515,400.845981963416,1795.62970245644,0.0361461527821107,
1996,7,1995.96821192053,14.2516799230669,5.1789445923835,367.79918655218,1658.48926924674,0.0673264948665938,
1996,8,1996.05033112583,17.2001536710215,6.88082113125874,407.735084790337,1534.28641735649,0.107635010556306,
1996,9,1996.13245033113,8.3964297120412,2.57797828956001,192.397907405078,995.477273083876,0.0920497382846584,
1996,10,1996.21456953642,5.23923182960995,0.903487368820305,64.7376168749262,529.225246453234,0.0492848877348907,
1996,11,1996.29668874172,1.81358145515989,0.214412664315633,14.5271976338448,176.451803610009,0.0286549101037893,
1996,12,1996.37880794702,-6.00282541245669,0.20436666229879,7.61956546124624,54.2598176683802,0.0282650676714463,
1997,1,1996.46092715232,-5.13949299520592,0.497882717226449,21.5888249883537,210.624156460858,0.0426830275828436,0.0258568548387097
1997,2,1996.54304635762,-3.9963712329057,0.576818740258281,58.4660581307664,434.853265630148,0.0313906590081528,0.101252232142857
1997,3,1996.62516556291,-0.880729247720798,2.02977984877418,166.867400649949,850.32528671915,0.0271634330651513,0.323590725806451
1997,4,1996.70728476821,1.33019782732794,3.07767083255725,297.309590112015,1193.31195670123,0.0277105380201162,0.556699305555555
1997,5,1996.78940397351,7.13799483582818,4.81055723419677,420.17957122695,1576.47502642686,0.021351918793519,3.16196706989248
1997,6,1996.87152317881,15.6809178179922,8.6977306099732,490.031440433062,1812.88784828977,0.0361461527821107,7.25683125000001
1997,7,1996.95364238411,18.0440664190058,7.10678895142621,422.932864771901,1764.71221369119,0.0673264948665938,8.77491465053765
1997,8,1997.0357615894,17.7993300573727,7.13628870938506,404.728376019339,1541.12220902316,0.107635010556306,7.62956317204301
1997,9,1997.1178807947,10.2260337973278,2.9048389475466,212.132745019619,1156.94653697277,0.0920497382846584,4.39895555555556
1997,10,1997.2,1.60597596334387,0.69134497759412,76.4404482520991,473.042954786568,0.0492848877348907,1.11853024193548
1997,11,1997.2821192053,-0.982222377847879,0.275107838224405,17.4456267399067,248.772348748898,0.0286549101037893,0.131774305555555
1997,12,1997.3642384106,-3.82198854006881,0.233268285951552,6.25378679140242,49.5326787794913,0.0282650676714463,0.0649529569892473
1998,1,1997.44635761589,-2.63986864034098,0.267736257591966,15.4896194469959,175.39873805808,0.0426830275828436,0.0303595430107527
1998,2,1997.52847682119,-5.7418045407349,0.580536456870745,49.19982929396,317.717340282925,0.0313906590081528,0.198042410714286
1998,3,1997.61059602649,-5.20656627023546,1.50350921354818,186.216536993926,806.038467274706,0.0271634330651513,0.241029569892473
1998,4,1997.69271523179,3.22047797869511,3.90308044530474,314.276609926544,1266.67205392346,0.0277105380201162,1.02382847222222
1998,5,1997.77483443709,8.4537371234128,4.99086314194724,354.350255571448,1582.71569309353,0.021351918793519,4.93108602150538
1998,6,1997.85695364238,13.1414549867069,4.73988009791177,289.471830268514,1810.30306356755,0.0361461527821107,6.54028263888889
1998,7,1997.93907284768,15.7569751740723,5.27695212154238,415.482449281285,1689.17765813563,0.0673264948665938,8.04376344086021
1998,8,1998.02119205298,13.4609850321973,3.36717995584942,273.463084431505,1407.56823680093,0.107635010556306,6.5033938172043
1998,9,1998.10331125828,10.8518279749129,2.73178028827338,201.98469052483,1193.11563419499,0.0920497382846584,3.93768402777778
1998,10,1998.18543046358,4.33449302398263,0.995429453606422,80.0065026722627,598.20623950879,0.0492848877348907,1.42063642473118
1998,11,1998.26754966887,-3.31065056150951,0.421712194955978,21.3520787397823,106.752499790564,0.0286549101037893,0.130356944444444
1998,12,1998.34966887417,-3.76557644824961,0.266660423706305,7.96470802603062,64.3422030850469,0.0282650676714463,0.0315806451612903
1999,1,1998.43178807947,-7.100052245412,0.226150595368582,13.8220165816782,196.150887363636,0.0426830275828436,0.0301814516129032
1999,2,1998.51390728477,-7.7563354719351,0.333696454369428,47.5632872488934,159.744236116259,0.0313906590081528,0.042735119047619
1999,3,1998.59602649007,-1.65728516018988,1.39107759634304,134.125732580843,816.987265885817,0.0271634330651513,0.277413978494623
1999,4,1998.67814569536,5.38998604381281,3.33750808556308,275.224345159399,1234.37302614568,0.0277105380201162,1.82989722222222
1999,5,1998.76026490066,7.18299357902901,5.49361887687742,417.888040836423,1629.19741531575,0.021351918793519,3.34028561827957
1999,6,1998.84238410596,17.4223922663022,8.97567838964817,470.224454827982,1810.8590566231,0.0361461527821107,7.70082847222223
1999,7,1998.92450331126,17.3563371680056,8.09960524328177,462.469431377533,1791.24335258008,0.0673264948665938,7.226438172043
1999,8,1999.00662251656,14.2651723966731,6.03471964389886,334.916774112467,1615.93226457871,0.107635010556306,5.72182728494624
1999,9,1999.08874172185,11.9739313905081,3.79320235708939,238.515837300367,1085.51716197276,0.0920497382846584,3.71555208333334
1999,10,1999.17086092715,5.21470976605724,0.919198977612202,56.4788040664443,310.718777703234,0.0492848877348907,1.12991935483871
1999,11,1999.25298013245,1.37721569181354,0.682960055045097,20.9299019595508,210.075807082231,0.0286549101037893,0.242332638888889
1999,12,1999.33509933775,-3.72995470263757,0.281929245812796,7.50487451259868,108.184515585047,0.0282650676714463,0.0199663978494624
2000,1,1999.41721854305,-3.49708755703915,0.405051357417545,16.6714100566291,207.918302294191,0.0426830275828436,0.0446391129032258
2000,2,1999.49933774834,-2.54059335759733,0.543562291631843,61.0086659695794,357.948852435703,0.0313906590081528,0.0809719827586207
2000,3,1999.58145695364,-1.86708579836822,1.68322473422036,190.624991046675,831.444043663595,0.0271634330651513,0.199380376344086
2000,4,1999.66357615894,5.20418900944324,3.07570812961754,275.831879978039,1272.40672059012,0.0277105380201162,1.82605763888889
2000,5,1999.74569536424,9.92248158594902,6.33839133934097,429.814488978464,1636.07601253798,0.021351918793519,4.41646975806451
2000,6,1999.82781456954,13.3567282292334,6.3257601820367,408.112479343781,1782.98257745644,0.0361461527821107,6.36019097222223
2000,7,1999.90993377483,16.3220962402581,5.50716635154692,374.443183584755,1757.05944285785,0.0673264948665938,6.78059005376345
2000,8,1999.99205298013,14.4618431750091,4.20947132796082,330.759023848664,1479.86618124538,0.107635010556306,7.10994018817204
2000,9,2000.07417218543,9.3527768172794,2.890549641277,247.36105999463,1090.66916197276,0.0920497382846584,4.12836805555555
2000,10,2000.15629139073,7.15707461256384,1.07927782683275,62.9519171869677,638.53889575879,0.0492848877348907,1.2726814516129
2000,11,2000.23841059603,3.10509311796095,0.267153522803721,10.6321734341218,36.6951386794533,0.0286549101037893,0.261486805555555
2000,12,2000.32052980132,0.583768215472951,0.21030746450177,4.34490440451632,30.770548571158,0.0282650676714463,0.0680416666666667
2001,1,2000.40264900662,-2.50218645368105,0.228121426838365,13.8133204447006,64.9129272941913,0.0426830275828436,0.0784751344086021
2001,2,2000.48476821192,-8.4684597060894,0.486661171451701,68.7063096320793,354.202168407925,0.0313906590081528,0.104264136904762
2001,3,2000.56688741722,-4.60408065451559,1.36232859750907,167.890695804908,846.368807552483,0.0271634330651513,0.235153225806451
2001,4,2000.64900662252,5.35797848732138,2.7462041093162,229.582155810011,1318.7041233679,0.0277105380201162,1.65093333333333
2001,5,2000.73112582781,8.24867848208163,5.28533531907777,383.51780568813,1580.67891531575,0.021351918793519,4.67288911290323
2001,6,2000.81324503311,13.2615217778174,5.94252743942009,380.880556975912,1841.66739690088,0.0361461527821107,6.36145902777777
2001,7,2000.89536423841,18.6815613163355,7.09688300019383,444.140557351341,1767.82903313563,0.0673264948665938,8.49916801075268
2001,8,2000.97748344371,15.7383085191818,5.61381338688177,361.788828080367,1533.78776457871,0.107635010556306,6.95655174731183
2001,9,2001.05960264901,11.2308367978839,2.32110466571949,166.90142719918,903.386550861654,0.0920497382846584,3.28142847222222
2001,10,2001.1417218543,6.06276163708018,0.799526761938784,56.3472354357689,543.76811450879,0.0492848877348907,1.15112768817204
2001,11,2001.2238410596,-1.19890070053397,0.588067233511444,29.7869350688772,234.711841804453,0.0286549101037893,0.290652777777777
2001,12,2001.3059602649,-8.9779676760537,0.146747508226943,9.73081308858885,85.5147013489358,0.0282650676714463,-0.0325799731182796
2002,1,2001.3880794702,-4.77758917906489,0.25365426887301,13.9148820503432,98.489093960858,0.0426830275828436,0.0215309139784946
2002,2,2001.4701986755,-1.31150294259484,0.527798251303851,55.086268365778,369.030140630148,0.0313906590081528,0.173521577380952
2002,3,2001.55231788079,-0.700332706248448,1.63926639921169,173.942140583509,826.284376996928,0.0271634330651513,0.417329301075269
2002,4,2001.63443708609,5.30564647811186,4.0510654197604,319.399050097462,1237.60867892346,0.0277105380201162,2.07472638888889
2002,5,2001.71655629139,11.0775805728311,6.60550607252869,452.559970424556,1687.36393614909,0.021351918793519,5.03064852150537
2002,6,2001.79867549669,15.1446280095069,6.53436967099051,422.873391688409,1654.27553578977,0.0361461527821107,7.49370625
2002,7,2001.88079470199,18.2919182522262,6.52007670679154,423.680572492272,1751.22766508008,0.0673264948665938,7.85853091397849
2002,8,2001.96291390728,18.2806513717025,7.33102481085413,404.858171525694,1602.99923680093,0.107635010556306,6.58137634408602
2002,9,2002.04503311258,9.91217788437748,3.24434298163321,242.010559368493,1128.50240502832,0.0920497382846584,3.87597916666667
2002,10,2002.12715231788,-0.581222347426065,1.11064675040698,97.0681953465139,550.342760342123,0.0492848877348907,1.05372446236559
2002,11,2002.20927152318,-4.75841455551451,0.184193935069979,20.50971835174,162.663223748898,0.0286549101037893,0.0657916666666667
2002,12,2002.29139072848,-9.36342318700328,0.168505421631228,9.89149851768051,65.610157946158,0.0282650676714463,0.0131565860215054
2003,1,2002.37350993377,-11.102187409406,0.266347130664021,16.6872070815052,183.083533196969,0.0426830275828436,0.0810477150537635
2003,2,2002.45562913907,-5.37644555229102,0.507571846528792,60.7534503518185,350.607619796814,0.0313906590081528,0.112162202380952
2003,3,2002.53774834437,-0.472552538473942,1.87577355254033,177.30297703982,865.981738108039,0.0271634330651513,0.361686827956989
2003,4,2002.61986754967,2.708596595435,3.61129751609216,294.632099169922,1315.42119281235,0.0277105380201162,1.18899861111111
2003,5,2002.70198675497,9.66292671271837,4.79328529827467,356.421650561267,1629.8187347602,0.021351918793519,4.17236827956989
2003,6,2002.78410596027,12.3717837797027,5.79104617478869,399.877774549969,1673.3348691231,0.0361461527821107,7.47408680555556
2003,7,2002.86622516556,19.8930592897057,7.91377840856352,413.669936593073,1676.52063035785,0.0673264948665938,7.92903091397849
2003,8,2002.94834437086,15.2949472983605,5.08263233650346,312.482926631499,1611.46866735649,0.107635010556306,7.32090322580645
2003,9,2003.03046357616,11.0217678213756,3.278099662073,225.389826156604,1112.73734252832,0.0920497382846584,4.06158819444445
2003,10,2003.11258278146,2.26037288185601,0.744677274213878,70.5163572934503,368.337291592123,0.0492848877348907,1.21048991935484
2003,11,2003.19470198676,1.43686361221014,0.197348306069428,13.9358231190473,171.454015415564,0.0286549101037893,0.259274305555555
2003,12,2003.27682119205,-2.25676595371386,0.389831983445609,7.57436698131354,77.7960051683802,0.0282650676714463,0.129495967741935
2004,1,2003.35894039735,-7.29067804116597,0.211642434541347,12.9953296355095,15.1980279886357,0.0426830275828436,0.0483198924731183
2004,2,2003.44105960265,-4.42976899187191,0.43578381385436,54.2456074604177,324.930435769037,0.0313906590081528,0.0774942528735633
2004,3,2003.52317880795,-0.878337022352815,1.48590625763262,168.522424665835,854.937585330261,0.0271634330651513,0.389938844086022
2004,4,2003.60529801325,4.97309473386272,4.53318481561662,368.132277339783,1341.58145670123,0.0277105380201162,2.52611875
2004,5,2003.68741721854,9.23090359253558,5.51556945503222,395.767055382128,1612.85463753798,0.021351918793519,5.10861021505377
2004,6,2003.76953642384,12.0450944198259,5.67004983433138,383.222962035212,1762.79081356755,0.0361461527821107,7.30203472222222
2004,7,2003.85165562914,15.9739504784606,5.25291329932316,392.340477979455,1758.3290748023,0.0673264948665938,8.03943010752687
2004,8,2003.93377483444,15.7898885585856,4.63808624865449,320.862623323072,1486.1439034676,0.107635010556306,7.10042943548387
2004,9,2004.01589403974,11.5928835270777,1.91903957395784,163.355350481002,1042.17014808388,0.0920497382846584,3.53121875
2004,10,2004.09801324503,3.98587186066566,0.816458849365846,79.0915661572909,576.066982564345,0.0492848877348907,1.59555376344086
2004,11,2004.18013245033,-0.836443128444697,0.357926560032953,24.9135704634469,251.881421665564,0.0286549101037893,0.356695833333333
2004,12,2004.26225165563,-1.42257259072924,0.141130075258236,8.55959910758288,93.6182482239358,0.0282650676714463,0.108842069892473
2005,1,2004.34437086093,-1.72173831945355,0.2252980371753,14.2866718705369,211.589517571969,0.0426830275828436,0.0876552419354839
2005,2,2004.42649006623,-5.11994235630132,0.423349877497838,56.5571073094739,348.658529519037,0.0313906590081528,0.0862686011904762
2005,3,2004.50860927152,-6.07286982694428,1.58215480093359,207.355632134191,842.597126996928,0.0271634330651513,0.230782258064516
2005,4,2004.59072847682,4.76380899777871,3.83669112895557,302.853622747551,1284.20029003457,0.0277105380201162,2.15578611111111
2005,5,2004.67284768212,9.18715939251611,5.51029099934736,364.625811081062,1619.12006114909,0.021351918793519,4.57695833333334
2005,6,2004.75496688742,13.4555846677643,6.07582471029071,398.432952669953,1844.73246634533,0.0361461527821107,7.8175048611111
2005,7,2004.83708609272,18.3582934103926,8.02873638151426,461.77167130185,1761.38679702452,0.0673264948665938,7.89276411290322
2005,8,2004.91920529801,15.5349529966158,4.10105410812092,291.427983255771,1441.68809791204,0.107635010556306,6.73734274193549
2005,9,2005.00132450331,11.464066244295,2.80691070998087,224.136839189408,1157.72342586165,0.0920497382846584,4.22148194444445
2005,10,2005.08344370861,5.65337919636962,1.1274337932484,84.365238259283,553.261045064346,0.0492848877348907,1.62484341397849
2005,11,2005.16556291391,3.25874725885722,0.347550625153173,11.6825045287,57.9284511794533,0.0286549101037893,0.305654166666667
2005,12,2005.24768211921,-4.69031068690492,0.199885605420458,7.39014264998531,52.3963784322691,0.0282650676714463,0.0389637096774194
2006,1,2005.3298013245,-4.95294435199115,0.282552057658253,19.927466252173,159.710382155302,0.0426830275828436,0.079977822580645
2006,2,2005.4119205298,-8.78808735439743,0.333654228962915,58.3694061554002,397.253376741259,0.0313906590081528,0.0619241071428571
2006,3,2005.4940397351,-7.07898269473033,1.1864220299773,163.601413061802,747.595307552483,0.0271634330651513,0.174407258064516
2006,4,2005.5761589404,4.03486858504547,3.30414547004096,298.037395104532,1354.66334559012,0.0277105380201162,1.57339375
2006,5,2005.6582781457,9.74175296072329,5.91405701714106,421.432183581264,1550.78913753798,0.021351918793519,5.13758669354839
2006,6,2005.74039735099,15.0850009851742,7.75659338965007,454.653099495435,1807.21978578977,0.0361461527821107,8.12098055555556
2006,7,2005.82251655629,17.832753643035,9.82754091321425,505.920991111288,1815.27004702452,0.0673264948665938,9.29139180107529
2006,8,2005.90463576159,18.2169366982603,7.70591676936366,372.04189724663,1557.4209034676,0.107635010556306,5.44778629032258
2006,9,2005.98675496689,12.7778733715058,2.81456604223639,181.115626321707,1012.4384953061,0.0920497382846584,4.24880069444444
2006,10,2006.06887417219,5.54746388068006,0.591418534326315,49.2250258541985,385.338045064345,0.0492848877348907,1.37811088709677
2006,11,2006.15099337748,0.626680489787212,0.206642476256363,19.488035504923,205.615723748898,0.0286549101037893,0.328722916666667
2006,12,2006.23311258278,2.5482880853696,0.565088802131554,8.27690399492403,85.9824478767135,0.0282650676714463,0.175668682795699
2007,1,2006.31523178808,-3.56031169322761,0.292087907591312,17.515097789668,204.730486321969,0.0426830275828436,0.117769489247312
2007,2,2006.39735099338,-10.8457088788449,0.335251741486449,66.2556305647577,368.965293407925,0.0313906590081528,0.119932291666667
2007,3,2006.47947019868,2.58548106630181,1.90014414135089,167.299843419344,793.235772830261,0.0271634330651513,1.01225940860215
2007,4,2006.56158940397,5.14089601865275,3.96021863195635,305.934326001202,1263.73604003457,0.0277105380201162,2.43912847222222
2007,5,2006.64370860927,9.82282594236281,5.04827223596148,368.643611502612,1666.92045003798,0.021351918793519,4.54136491935485
2007,6,2006.72582781457,14.5756724820954,8.47301215778528,473.646051698352,1803.48212606755,0.0361461527821107,8.00945416666666
2007,7,2006.80794701987,16.3726966407931,5.23489955020996,364.190322621475,1702.23558869119,0.0673264948665938,8.07541129032257
2007,8,2006.89006622517,16.6790526936058,5.7561101938967,361.90581135602,1543.2802159676,0.107635010556306,7.6379375
2007,9,2006.97218543046,10.0016202010685,2.21860966656741,184.235590782737,1123.37803697276,0.0920497382846584,4.01762847222222
2007,10,2007.05430463576,5.41160003304997,0.912506648951703,67.0864527178831,485.525565897679,0.0492848877348907,1.33624059139785
2007,11,2007.13642384106,-0.700519064656147,0.306741382615338,20.1380210421518,181.142246318342,0.0286549101037893,0.287382638888889
2007,12,2007.21854304636,1.0955467290635,0.215302426721588,6.01614807776514,49.9746301683802,0.0282650676714463,0.120004032258064
2008,1,2007.30066225166,-1.04778065881957,0.306075197954918,12.0400976498545,166.813468960858,0.0426830275828436,0.0717103494623657
2008,2,2007.38278145695,-0.515073208278666,0.481051310455297,52.4192986904834,372.441807296814,0.0313906590081528,0.198216235632184
2008,3,2007.46490066225,-1.83619140608801,1.20174092774329,128.916469552004,762.81459921915,0.0271634330651513,0.342797043010752
2008,4,2007.54701986755,5.20469212562704,3.19396401210839,254.079023944608,1281.50545670123,0.0277105380201162,2.21733194444445
2008,5,2007.62913907285,9.40175371053683,6.55490192567585,453.919003024093,1666.09452642686,0.021351918793519,5.57906787634409
2008,6,2007.71125827815,13.0871991832808,5.8196884312107,410.062893887908,1775.3355566231,0.0361461527821107,7.35435416666666
2008,7,2007.79337748344,15.8485709365918,6.31000089924602,416.315577887757,1790.59855396897,0.0673264948665938,8.04814448924731
2008,8,2007.87549668874,13.7702338436525,3.59389282672557,244.266725063452,1497.36343124538,0.107635010556306,6.08572983870968
2008,9,2007.95761589404,8.80201078368292,2.26863849685734,173.852585981491,1061.93497447276,0.0920497382846584,3.7359986111111
2008,10,2008.03973509934,6.03895087100366,0.817742830586117,66.0588394101148,563.403166592123,0.0492848877348907,1.48339919354839
2008,11,2008.12185430464,1.25005564067966,0.300649749311139,20.1755519932632,178.199364373898,0.0286549101037893,0.423869444444444
2008,12,2008.20397350993,-0.117470765384267,0.169102839668204,5.56292159110446,52.3290555156024,0.0282650676714463,0.0818776881720431
2009,1,2008.28609271523,-5.16562672733514,0.267676534825664,15.1235830655279,103.281918613636,0.0426830275828436,0.0170060483870968
2009,2,2008.36821192053,-5.06852975119734,0.37457946612778,47.5939198799329,315.147888894037,0.0313906590081528,0.0449903273809524
2009,3,2008.45033112583,-2.27742096997542,1.34022808572128,156.496362109112,827.770751996928,0.0271634330651513,0.28510752688172
2009,4,2008.53245033113,4.37201318241689,3.51627639456351,291.763459997736,1321.52769281235,0.0277105380201162,1.78559930555556
2009,5,2008.61456953642,11.044416128041,6.92504230013807,453.141217436479,1676.10687364909,0.021351918793519,5.7759126344086
2009,6,2008.69668874172,13.0748257464589,6.81955329402852,421.201956910173,1789.92378578977,0.0361461527821107,8.11300277777778
2009,7,2008.77880794702,16.331613130589,6.23838234780792,402.472730875534,1694.44721369119,0.0673264948665938,8.92410282258066
2009,8,2008.86092715232,15.6714521759227,5.38660145433076,350.118386764605,1567.52493124538,0.107635010556306,7.79448454301076
2009,9,2008.94304635762,11.9144972627005,2.74058132192134,207.685763057646,1001.37900919499,0.0920497382846584,4.48107361111111
2009,10,2009.02516556291,1.70792407591373,0.835928253573971,88.6353923365082,567.587649231012,0.0492848877348907,1.52789784946237
2009,11,2009.10728476821,1.61464287348133,0.186387894842919,15.7290128993679,128.420456387787,0.0286549101037893,0.320315972222222
2009,12,2009.18940397351,-6.48956958556811,0.146119626809629,7.75456573261159,100.513496487825,0.0282650676714463,0.0109233870967742
2010,1,2009.27152317881,-12.7336578537879,0.157392917157657,15.4969248189082,41.0088995164135,0.0426830275828436,0.100752016129032
2010,2,2009.35364238411,-9.17786639986577,0.263677595787762,49.3580640649941,378.49911285237,0.0313906590081528,0.0619568452380953
2010,3,2009.4357615894,-2.71208412728471,1.26662542304807,165.776586635012,762.380793663595,0.0271634330651513,0.274331989247311
2010,4,2009.5178807947,4.58563372854586,2.93107423698869,242.111932370757,1280.12258170124,0.0277105380201162,2.02331041666667
2010,5,2009.6,10.9933854460617,5.38507661148862,322.348140351399,1625.39938059353,0.021351918793519,5.15337701612904
2010,6,2009.6821192053,13.359601543985,6.92268356419499,468.613487401272,1810.64359134533,0.0361461527821107,8.37251736111111
2010,7,2009.7642384106,20.9097187289568,9.22899397453352,488.551568545728,1816.56986646897,0.0673264948665938,9.02834005376343
2010,8,2009.84635761589,16.600847051726,5.26018980766342,333.662319951037,1499.06431318982,0.107635010556306,6.85313037634408
2010,9,2009.92847682119,10.8346767569225,1.97542140978426,155.62876578164,910.967925861654,0.0920497382846584,3.64909791666667
2010,10,2010.01059602649,3.67172838243618,1.01376638650459,83.6854186042294,471.367788119901,0.0492848877348907,1.57342271505376
2010,11,2010.09271523179,-3.41517180428697,0.214031038298471,20.1823352650215,168.401803610009,0.0286549101037893,0.3020125
2010,12,2010.17483443709,-11.7095236763017,0.143318076262041,8.46351856666572,86.0289669739358,0.0282650676714463,0.00356989247311828
2011,1,2010.25695364238,-5.9310493022705,0.205565913521608,15.5615255037715,199.094368266414,0.0426830275828436,0.0492842741935484
2011,2,2010.33907284768,-11.8200381914873,0.293411982541152,67.1047629899165,361.844557296814,0.0313906590081528,0.146171875
2011,3,2010.42119205298,-1.97300390329878,1.75427331938654,189.142758011054,863.22972421915,0.0271634330651513,0.202676747311828
2011,4,2010.50331125828,5.67854750451972,3.58266406723848,280.816148914854,1240.94335947901,0.0277105380201162,2.24160972222222
2011,5,2010.58543046358,9.83969740494894,5.87479423580326,396.995830016144,1565.21205420464,0.021351918793519,5.57067876344085
2011,6,2010.66754966887,16.0276138239194,7.81473856843211,451.934075643227,1815.34102190088,0.0361461527821107,8.71409722222224
2011,7,2010.74966887417,19.1918946339178,6.59933975588895,396.534257954342,1674.53688035785,0.0673264948665938,9.69308736559143
2011,8,2010.83178807947,16.1697036909728,4.64179810132646,292.043283421793,1522.53757013427,0.107635010556306,7.4040120967742
2011,9,2010.91390728477,12.2846019888561,1.74439828911631,158.790427448175,952.198620306098,0.0920497382846584,4.01539652777779
2011,10,2010.99602649007,5.97175990085967,0.930840722237915,79.9833653027075,442.844593675457,0.0492848877348907,1.97838844086022
2011,11,2011.07814569536,3.45767655810581,0.36494496374237,15.888890014551,94.6142298252866,0.0286549101037893,0.590015277777777
2011,12,2011.16026490066,1.38970582868338,0.351020366219437,7.56861293832996,90.0940971822691,0.0282650676714463,0.142418682795699
2012,1,2011.24238410596,-6.36220568631816,0.18865707588848,13.6704844264037,107.066935974747,0.0426830275828436,0.0584818548387097
2012,2,2011.32450331126,-8.2406576988243,0.313131656974429,52.3444891941075,406.846293407925,0.0313906590081528,0.0396673850574712
2012,3,2011.40662251656,-0.299593405612857,1.58069470663772,172.136807648096,774.778432552483,0.0271634330651513,0.662840053763441
2012,4,2011.48874172185,2.5444552583582,2.45578350340185,256.877505937792,1278.66304003457,0.0277105380201162,1.50580972222222
2012,5,2011.57086092715,9.80877817611828,5.87487556997555,393.844507560827,1631.8686097602,0.021351918793519,5.52594153225807
2012,6,2011.65298013245,12.5475918597402,5.43073093348886,402.448372304657,1743.71423023422,0.0361461527821107,8.59415208333333
2012,7,2011.73509933775,17.1537720671204,5.80610232656718,392.13280778019,1798.69599146897,0.0673264948665938,9.44729569892474
2012,8,2011.81721854305,15.1409097407381,4.27551418419106,292.458745517699,1402.90818124538,0.107635010556306,8.23183266129032
2012,9,2011.89933774834,10.6029472070906,1.71276785793603,149.734593317467,879.449540444987,0.0920497382846584,3.89387152777777
2012,10,2011.98145695364,4.1515328418747,0.519529868891254,54.4138333347125,312.537215203234,0.0492848877348907,1.64034274193548
2012,11,2012.06357615894,2.06139783767399,0.299807626337566,13.7048828667361,130.10364909612,0.0286549101037893,0.410677777777777
2012,12,2012.14569536424,-8.50689548934779,0.162075511007017,7.33639854019236,63.2046214878247,0.0282650676714463,0.0404072580645162
2013,1,2012.22781456954,-5.3696173969957,0.187004348075955,14.246204185876,108.304423821969,0.0426830275828436,0.0691659946236558
2013,2,2012.30993377483,-2.09603971300679,0.367391444016555,44.802828557714,324.362383685703,0.0313906590081528,0.0749747023809524
2013,3,2012.39205298013,-7.21987794347158,1.60376117174193,214.19342136607,893.102251996928,0.0271634330651513,0.159355510752688
2013,4,2012.47417218543,2.83257650300066,2.78785508911499,281.763879350295,1220.11126920123,0.0277105380201162,1.37925833333333
2013,5,2012.55629139073,12.6678710936119,6.83509764054497,402.5965242267,1635.79138753798,0.021351918793519,6.00656989247312
2013,6,2012.63841059603,16.3365232613109,6.26228763800186,392.966660084074,1673.94500801199,0.0361461527821107,9.04319375000001
2013,7,2012.72052980132,16.583850060862,6.55557618146854,402.018998561478,1774.51724146897,0.0673264948665938,9.05338575268816
2013,8,2012.80264900662,16.1237944246547,5.06131563048792,320.335627870966,1497.89754235649,0.107635010556306,6.79109072580645
2013,9,2012.88476821192,11.1713075145722,2.14377177295888,183.406256768402,1097.27335641721,0.0920497382846584,3.74410138888889
2013,10,2012.96688741722,4.86378641243135,0.895477168550643,86.9425576606748,512.680260342123,0.0492848877348907,1.67237903225807
2013,11,2013.04900662252,2.2534939544817,0.473337050536716,18.6912544191399,108.203775832231,0.0286549101037893,0.431300694444444
2013,12,2013.13112582781,0.849168066297836,0.322032452707894,7.76508925967494,84.1339027378247,0.0282650676714463,0.124170698924731
2014,1,2013.21324503311,-7.91649083830217,0.240738960378532,15.7232235549455,181.348510627525,0.0426830275828436,0.0489811827956989
2014,2,2013.29536423841,0.319413153320485,0.374108106030005,29.6550100545656,197.728776046814,0.0313906590081528,0.293221726190476
2014,3,2013.37748344371,1.46413185463978,2.13287411125044,167.73752979887,790.482081858039,0.0271634330651513,1.06373051075269
2014,4,2013.45960264901,5.08800303701756,4.26802012661861,313.471832097343,1289.16844975679,0.0277105380201162,2.39361666666666
2014,5,2013.5417218543,9.94283918961689,5.47816459039593,347.952934794457,1597.71089448242,0.021351918793519,4.73502688172044
2014,6,2013.6238410596,12.3013070357927,4.85136371962481,382.63730788134,1747.62614690088,0.0361461527821107,7.62639930555556
2014,7,2013.7059602649,19.4276044498147,7.89910343300053,468.789176054527,1775.5531998023,0.0673264948665938,9.08725336021504
2014,8,2013.7880794702,16.3959924351712,5.10601966021805,330.746326924711,1498.90698680093,0.107635010556306,6.66265389784946
2014,9,2013.8701986755,11.3468483538735,2.50847604270404,204.268991290507,1024.56875919499,0.0920497382846584,4.39138611111111
2014,10,2013.95231788079,4.15447581928777,0.825451924642357,55.3864261606974,408.298753397679,0.0492848877348907,1.32699462365591
2014,11,2014.03443708609,1.11452207473459,0.194026455185364,11.4505745357628,169.279277568342,0.0286549101037893,0.301638888888888
2014,12,2014.11655629139,-1.53357814820991,0.231424904550284,6.99960868806199,86.0471154114358,0.0282650676714463,0.0826767473118281
2015,1,2014.19867549669,-3.3967239384551,0.290038013256081,12.9823446030741,71.0207849330802,0.0426830275828436,0.0704233870967743
2015,2,2014.28079470199,-0.263627265758569,0.590006989353438,46.0493592150502,252.072545144037,0.0313906590081528,0.288956845238095
2015,3,2014.36291390728,0.89584627147183,1.81527628624482,153.611905607125,800.292460330261,0.0271634330651513,0.812348790322581
2015,4,2014.44503311258,4.76797231598889,3.00025828364555,246.45634184397,1160.54494281235,0.0277105380201162,2.39169027777778
2015,5,2014.52715231788,8.78213628939688,4.58863701094846,339.458461374321,1523.82227642686,0.021351918793519,4.70789516129032
2015,6,2014.60927152318,12.0666139324263,5.03478152058912,392.781334703661,1722.85514690088,0.0361461527821107,7.60038055555555
2015,7,2014.69139072848,15.3433074747302,5.46679033591357,405.365074752407,1816.33699146897,0.0673264948665938,8.5016317204301
2015,8,2014.77350993378,16.3727819301676,6.27190247518187,402.038035189875,1535.4501534676,0.107635010556306,7.00487634408602
2015,9,2014.85562913907,11.823478374015,2.11648395281118,185.968765304517,1025.76891197276,0.0920497382846584,4.22270972222223
2015,10,2014.93774834437,4.21681691458662,1.10296209444557,104.203681804512,604.587541592123,0.0492848877348907,1.81009475806452
2015,11,2015.01986754967,3.51986883919305,0.271298248611017,17.0462535538411,210.346017151675,0.0286549101037893,0.4607375
2015,12,2015.10198675497,1.61328494829388,0.474817063321546,7.99676095150851,71.2616093350469,0.0282650676714463,0.149686155913979
2016,1,2015.18410596026,-11.4273205382388,0.250497620812468,15.2971122335942,155.276852641414,0.0426830275828436,0.102825940860215
2016,2,2015.26622516556,-0.828705603354307,0.314743384531156,41.8484072568121,302.956451394037,0.0313906590081528,0.129120689655173
2016,3,2015.34834437086,-0.290239460280649,1.43273440992503,152.93426543014,827.994602691372,0.0271634330651513,0.616647849462366
2016,4,2015.43046357616,4.39973835975789,2.56857889928532,242.706236241628,1257.5183733679,0.0277105380201162,2.39868888888889
2016,5,2015.51258278146,12.4283421504783,6.73690014619282,395.144291807329,1596.11127642686,0.021351918793519,5.94089852150537
2016,6,2015.59470198676,14.0829883932824,6.32370190698793,416.795123025489,1827.45148023422,0.0361461527821107,8.64693541666667
2016,7,2015.67682119205,16.755479279507,5.06940504229666,343.504820271713,1707.22946369119,0.0673264948665938,8.25605241935484
2016,8,2015.75894039735,15.0753289830227,3.81666149530883,297.881465457012,1344.01604235649,0.107635010556306,6.80043279569892
2016,9,2015.84105960265,11.4979491483477,2.5895083833338,184.123852057136,1010.2448703061,0.0920497382846584,3.95135416666667
2016,10,2015.92317880795,2.92815471169001,1.08672382623665,74.8889621326118,627.745027703234,0.0492848877348907,1.6364563172043
2016,11,2016.00529801325,-1.63867527735694,0.283418482037594,19.0363181963929,99.0555657627866,0.0286549101037893,0.113172222222222
2016,12,2016.08741721854,-1.71042542151359,0.240756861477148,9.40174612187517,96.0058159322691,0.0282650676714463,0.276549731182795
2017,1,2016.16953642384,-2.92970341144608,0.316738036790804,17.1382931443205,160.003632155302,0.0426830275828436,0.327569892473118
2017,2,2016.25165562914,-3.7014269692658,0.462424385320146,56.8307940967493,353.884001741259,0.0313906590081528,0.133552083333334
2017,3,2016.33377483444,0.119549307216117,1.62510301798989,167.259895579609,742.607821441372,0.0271634330651513,0.769430107526884
2017,4,2016.41589403974,2.02169461280971,2.38881026683047,255.200543735159,1154.1161233679,0.0277105380201162,1.60757638888889
2017,5,2016.49801324503,7.88846314119037,5.51393421394914,455.37970988696,1626.96833198242,0.021351918793519,4.25377284946237
2017,6,2016.58013245033,12.3323068340376,5.59667837523936,407.345555344384,1808.87195245644,0.0361461527821107,7.5569986111111
2017,7,2016.66225165563,14.6968569808048,4.82369048064998,352.378142948909,1780.17076924674,0.0673264948665938,8.44989516129031
2017,8,2016.74437086093,14.7167525673352,3.6653862620805,263.753962812225,1367.36870902316,0.107635010556306,7.11206854838709
2017,9,2016.82649006623,10.312723598014,1.5637085435308,143.993950036638,831.062571694987,0.0920497382846584,4.08822708333333
2017,10,2016.90860927152,3.74331991351292,0.597036950731891,57.3886618732882,332.86027075879,0.0492848877348907,1.42242741935484
2017,11,2016.99072847682,1.7147161156688,0.166219236797668,18.1393080740908,210.661388679453,0.0286549101037893,0.407640277777777
2017,12,2017.07284768212,-0.0568149048935704,0.234981581621698,6.31785551669439,32.8362760017136,0.0282650676714463,0.104819220430108
2018,1,2017.15496688742,-3.4578744790428,0.214820322631146,12.8926842852954,55.0779515997469,0.0426830275828436,0.0540094086021506
2018,2,2017.23708609272,-9.12121578399202,0.36146728871474,59.4673019330514,419.879626741259,0.0313906590081528,0.00871056547619046
2018,3,2017.31920529801,-5.90252331050956,1.29079740023549,186.57732315425,885.988543663595,0.0271634330651513,0.0604509408602151
2018,4,2017.40132450331,4.04757996165949,2.74323596191386,284.394471361863,1211.38867892346,0.0277105380201162,1.62807361111111
2018,5,2017.48344370861,13.91252231379,9.7824918827957,522.291751746868,1650.54972087131,0.021351918793519,6.75579233870967
2018,6,2017.56556291391,13.8918684998905,7.97748112684149,441.491253449964,1780.88223023422,0.0361461527821107,8.57205972222223
2018,7,2017.64768211921,20.6146426663544,9.98561037129032,446.362744892137,1696.90438035785,0.0673264948665938,8.61134005376344
2018,8,2017.7298013245,17.2346796345894,6.48088850713631,345.276669827045,1442.09507013427,0.107635010556306,6.25985013440861
2018,9,2017.8119205298,12.1581181987764,2.34459068421514,172.593614219332,838.526870306098,0.0920497382846584,3.95673680555555
2018,10,2017.8940397351,4.89815285602438,0.78562801642855,84.2379679673137,500.194135342123,0.0492848877348907,1.58814448924731
2018,11,2017.9761589404,2.0341317803416,0.241497316469496,14.7810809374677,175.165720276675,0.0286549101037893,0.313886805555556
2018,12,2018.0582781457,-2.32270992803446,0.18260820101273,5.79003706691517,44.0514513489358,0.0282650676714463,0.0637385752688172
2019,1,2018.14039735099,-7.44303760370144,0.21202951769757,16.6036409201997,81.6010644469691,0.0426830275828436,0.0751599462365591
2019,2,2018.22251655629,-1.11987289702199,0.743064835553127,54.2444591043551,375.095751741259,0.0313906590081528,0.365930803571429
2019,3,2018.30463576159,-1.23721004100726,1.50890758788171,156.414504739713,804.807488108039,0.0271634330651513,0.558908602150537
2019,4,2018.38675496689,5.56518593394953,4.6439897605298,344.666454513313,1330.24597059012,0.0277105380201162,2.583575
2019,5,2018.46887417219,9.20097577481148,5.11457354894636,370.884557610191,1688.44605420464,0.021351918793519,5.13663373655914
2019,6,2018.55099337748,15.7214936083975,7.4647690216238,446.818401263442,1807.06357745644,0.0361461527821107,8.08612569444444
2019,7,2018.63311258278,16.3350664160524,8.11844568584679,448.957624932717,1676.00888035785,0.0673264948665938,8.00127620967742
2019,8,2018.71523178808,15.9330226039301,5.62292265352103,341.401475847072,1603.32187568982,0.107635010556306,6.9461942204301
2019,9,2018.79735099338,10.2138318947263,1.91973000513283,176.284888964122,1048.54689808388,0.0920497382846584,4.11785416666667
2019,10,2018.87947019868,3.14146876808651,0.617066083382481,61.2040239334323,334.263390550457,0.0492848877348907,1.38948790322581
2019,11,2018.96158940397,0.0638377180451332,0.11136183439881,15.0095264508863,206.508690762787,0.0286549101037893,0.192188888888889
2019,12,2019.04370860927,0.238420513610714,0.148793214082542,6.05462873974643,94.0684652378247,0.0282650676714463,0.0648440860215053
2020,1,2019.12582781457,1.59875580935821,0.596907927109927,13.456793074508,112.247366530302,0.0426830275828436,0.175818548387097
2020,2,2019.20794701987,-0.114722221052526,0.672712109816437,59.0389476625038,388.223640630148,0.0313906590081528,0.280537356321839
2020,3,2019.29006622517,0.837028110625161,1.90086755156879,153.138024331126,806.777501996928,0.0271634330651513,0.459394489247312
2020,4,2019.37218543046,3.5315709064159,3.40963380914786,308.193234421566,1243.22323447901,0.0277105380201162,1.30419791666667
2020,5,2019.45430463576,8.19008596262904,6.16351849263499,453.446965062629,1664.51647087131,0.021351918793519,3.17629704301076
2020,6,2019.53642384106,17.8997011754005,10.9895947463705,493.59733759108,1814.85418856755,0.0361461527821107,6.26133263888889
2020,7,2019.61854304636,15.2633503535682,5.39653092438017,402.150858041654,1679.43396369119,0.0673264948665938,6.94836424731183
2020,8,2019.70066225166,15.8626053023009,5.66528920395828,363.553858037537,1474.19348680093,0.107635010556306,6.31005376344086
2020,9,2019.78278145695,12.0357352082571,2.41753948403222,197.52292203514,1181.92453697277,0.0920497382846584,3.66065902777778
2020,10,2019.86490066225,6.4017689019045,0.706586833914856,58.1736343129299,529.173815897679,0.0492848877348907,1.36236491935484
2020,11,2019.94701986755,3.37869863418274,0.604983309263769,16.8897114390453,168.622459860009,0.0286549101037893,0.435481944444444
2020,12,2020.02913907285,0.420287600369892,0.243599301912046,4.10031056668201,72.1049027378247,0.0282650676714463,0.113557123655914
2021,1,2020.11125827815,-5.19808789371696,0.196569145014503,11.0923531222827,18.4496130580802,0.0426830275828436,0.0527842741935484
2021,2,2020.19337748344,-7.92419307346423,0.362413645721902,54.1430672046691,412.252571185703,0.0313906590081528,0.0779925595238095
2021,3,2020.27549668874,-1.22610244242563,1.57207998812902,169.787215205597,830.420543663594,0.0271634330651513,0.310709677419354
2021,4,2020.35761589404,3.93377478418281,3.37182210001577,315.399057354898,1237.05795670123,0.0277105380201162,2.05484305555556
2021,5,2020.43973509934,9.26790439222739,5.19715311065288,343.415523934467,1684.25654031575,0.021351918793519,4.10586223118279
2021,6,2020.52185430464,18.0478464272044,8.66261196786447,494.719104453581,1780.9432441231,0.0361461527821107,8.41361666666668
2021,7,2020.60397350993,19.9563580791096,10.207133114315,487.518904345031,1800.62974841341,0.0673264948665938,8.2137748655914
2021,8,2020.68609271523,14.840590848454,4.23755320376034,288.342196333541,1537.27929235649,0.107635010556306,6.11016196236559
2021,9,2020.76821192053,8.91029567036101,2.35219826658434,168.955196610166,965.648509194987,0.0920497382846584,4.00997708333333
2021,10,2020.85033112583,6.46580072845703,0.931119000288826,61.2695311206455,517.477038119901,0.0492848877348907,1.31766666666667
2021,11,2020.93245033113,0.176185130154454,0.318780844303964,17.9085831558766,95.8131247905644,0.0286549101037893,0.386363194444444
2021,12,2021.01456953642,-7.29476813194695,0.176127232719735,8.44018838428316,55.8742898906024,0.0282650676714463,0.0835954301075269
2022,1,2021.09668874172,-4.13300448228492,0.40804188580549,15.4038602287714,135.749652988636,0.0426830275828436,
2022,2,2021.17880794702,-2.53429447810865,0.395937437507597,51.5186603885586,406.85308160237,0.0313906590081528,
2022,3,2021.26092715232,-0.155186871602452,2.11566084197736,201.20095283166,790.889932552483,0.0271634330651513,
2022,4,2021.34304635762,2.5386652684629,2.93672551862877,334.095426758953,1304.1163733679,0.0277105380201162,
2022,5,2021.42516556291,8.98118243460017,5.46500588178767,430.785027711101,1667.68120698242,0.021351918793519,
2022,6,2021.50728476821,15.5697363045237,7.07872286709173,435.156808781543,1785.65217467866,0.0361461527821107,
2022,7,2021.58940397351,16.9846195714388,6.18940003971521,411.598826022676,1724.76440813563,0.0673264948665938,
2022,8,2021.67152317881,17.7519823630578,6.2415029807691,355.593106379563,1517.67019513427,0.107635010556306,
2022,9,2021.75364238411,8.89994910935297,2.1570184630262,170.503603584022,958.366453639431,0.0920497382846584,
2022,10,2021.8357615894,5.98053005394635,0.881337863124951,67.7115243397454,435.387482564345,0.0492848877348907,
2022,11,2021.9178807947,1.08736541444264,0.356285274183164,10.9828460165963,119.621858297509,0.0286549101037893,
2022,12,2022,-3.6836119144335,0.201972926021214,6.98200009480318,52.1742846822691,0.0282650676714463,
